PLAYER,POSITION,TEAM,GAMES_PLAYED,GAMES_STARTED,MINUTES_PLAYED,FIELD_GOALDS,FIELD_GOALS_ATTEMPTS,FIELD_GOALS%,3POINTERS,3POINTERS_ATTEMPTS,3POINTERS%,2POINTERS,2POINTERS_ATTEMPTS,2POINTERS%,EFFECTIVE_FIELD_GOALS%,FREE_THROWS,FREE_THROWS_ATTEMPTS,FREE_THROWS%,OFFENSIVE_REBOUNDS,DEFENSIVE_REBOUNDS,TOTAL_REBOUNDS,ASSITS,STEALS,BLOCKS,TURNOVERS,PERSONAL_FOULS,POINTS
Precious Achiuwa,C,TOR,55,12,20.7,3.6,7.3,.485,0.5,2.0,.269,3.0,5.4,.564,.521,1.6,2.3,.702,1.8,4.1,6.0,0.9,0.6,0.5,1.1,1.9,9.2
Steven Adams,C,MEM,42,42,27.0,3.7,6.3,.597,0.0,0.0,.000,3.7,6.2,.599,.597,1.1,3.1,.364,5.1,6.5,11.5,2.3,0.9,1.1,1.9,2.3,8.6
Bam Adebayo,C,MIA,75,75,34.6,8.0,14.9,.540,0.0,0.2,.083,8.0,14.7,.545,.541,4.3,5.4,.806,2.5,6.7,9.2,3.2,1.2,0.8,2.5,2.8,20.4
Ochai Agbaji,SG,UTA,59,22,20.5,2.8,6.5,.427,1.4,3.9,.355,1.4,2.7,.532,.532,0.9,1.2,.812,0.7,1.3,2.1,1.1,0.3,0.3,0.7,1.7,7.9
Santi Aldama,PF,MEM,77,20,21.8,3.2,6.8,.470,1.2,3.5,.353,2.0,3.4,.591,.560,1.4,1.9,.750,1.1,3.7,4.8,1.3,0.6,0.6,0.8,1.9,9.0
Nickeil Alexander-Walker,SG,TOT,59,3,15.0,2.2,5.0,.444,1.0,2.7,.384,1.2,2.3,.515,.547,0.7,1.0,.667,0.3,1.5,1.7,1.8,0.5,0.4,0.9,1.5,6.2
Nickeil Alexander-Walker,SG,UTA,36,3,14.7,2.3,4.7,.488,1.0,2.4,.402,1.3,2.3,.578,.591,0.8,1.1,.692,0.2,1.4,1.6,2.1,0.7,0.4,1.3,1.6,6.3
Nickeil Alexander-Walker,SG,MIN,23,0,15.5,2.1,5.4,.384,1.1,3.1,.361,1.0,2.3,.415,.488,0.6,0.9,.619,0.3,1.5,1.8,1.4,0.3,0.3,0.4,1.3,5.9
Grayson Allen,SG,MIL,72,70,27.4,3.4,7.7,.440,2.0,5.1,.399,1.4,2.7,.518,.571,1.6,1.8,.905,0.8,2.4,3.3,2.3,0.9,0.2,1.0,1.6,10.4
Jarrett Allen,C,CLE,68,68,32.6,5.9,9.2,.644,0.0,0.1,.100,5.9,9.1,.653,.645,2.4,3.3,.733,3.3,6.5,9.8,1.7,0.8,1.2,1.4,2.3,14.3
Jose Alvarado,PG,NOP,61,10,21.5,3.3,8.0,.411,1.4,4.0,.336,1.9,4.0,.488,.496,1.1,1.3,.813,0.5,1.9,2.3,3.0,1.1,0.2,1.3,2.0,9.0
Kyle Anderson,PF,MIN,69,46,28.4,3.7,7.2,.509,0.6,1.5,.410,3.0,5.7,.536,.553,1.4,2.0,.735,1.0,4.4,5.3,4.9,1.1,0.9,1.5,2.1,9.4
Giannis Antetokounmpo,PF,MIL,63,63,32.1,11.2,20.3,.553,0.7,2.7,.275,10.5,17.6,.596,.572,7.9,12.3,.645,2.2,9.6,11.8,5.7,0.8,0.8,3.9,3.1,31.1
Thanasis Antetokounmpo,SF,MIL,37,0,5.6,0.5,1.2,.435,0.0,0.2,.000,0.5,1.0,.526,.435,0.3,0.6,.500,0.4,0.8,1.2,0.4,0.1,0.1,0.3,0.6,1.4
Cole Anthony,PG,ORL,60,4,25.9,4.6,10.2,.454,1.3,3.4,.364,3.4,6.7,.500,.516,2.5,2.8,.894,0.8,4.0,4.8,3.9,0.6,0.5,1.5,2.6,13.0
O.G. Anunoby,SF,TOR,67,67,35.6,6.3,13.2,.476,2.1,5.5,.387,4.2,7.7,.539,.556,2.1,2.5,.838,1.4,3.5,5.0,2.0,1.9,0.7,2.0,3.0,16.8
Ryan Arcidiacono,PG,TOT,20,4,8.6,0.5,1.9,.243,0.4,1.2,.348,0.1,0.7,.071,.351,0.0,0.0,,0.0,0.8,0.8,1.2,0.3,0.0,0.4,0.9,1.3
Ryan Arcidiacono,PG,NYK,11,0,2.4,0.1,0.5,.200,0.1,0.3,.333,0.0,0.2,.000,.300,0.0,0.0,,0.0,0.4,0.4,0.2,0.2,0.0,0.1,0.3,0.3
Ryan Arcidiacono,PG,POR,9,4,16.2,0.9,3.6,.250,0.8,2.2,.350,0.1,1.3,.083,.359,0.0,0.0,,0.0,1.2,1.2,2.3,0.3,0.0,0.7,1.6,2.6
Deni Avdija,SF,WAS,76,40,26.6,3.3,7.6,.437,0.9,3.1,.297,2.4,4.6,.530,.497,1.6,2.2,.739,1.0,5.4,6.4,2.8,0.9,0.4,1.6,2.8,9.2
Deandre Ayton,C,PHO,67,67,30.4,7.8,13.2,.589,0.1,0.4,.292,7.7,12.9,.597,.592,2.3,3.0,.760,2.6,7.4,10.0,1.7,0.6,0.8,1.8,2.8,18.0
Udoka Azubuike,C,UTA,36,4,10.0,1.6,2.0,.819,0.0,0.0,,1.6,2.0,.819,.819,0.2,0.6,.350,0.9,2.4,3.3,0.3,0.2,0.4,0.5,0.9,3.5
Marvin Bagley III,C,DET,42,25,23.6,4.8,9.1,.529,0.5,1.6,.288,4.4,7.5,.579,.554,1.9,2.6,.750,2.2,4.2,6.4,0.9,0.5,0.7,1.1,1.9,12.0
Patrick Baldwin Jr.,SF,GSW,31,0,7.3,1.4,3.5,.394,1.0,2.7,.381,0.4,0.8,.440,.541,0.1,0.2,.667,0.0,1.3,1.3,0.4,0.2,0.1,0.4,0.5,3.9
LaMelo Ball,PG,CHO,36,36,35.2,8.2,20.0,.411,4.0,10.6,.376,4.2,9.4,.450,.510,2.8,3.4,.836,1.2,5.3,6.4,8.4,1.3,0.3,3.6,3.3,23.3
Mo Bamba,C,TOT,49,7,15.7,2.4,4.9,.485,1.0,2.5,.387,1.4,2.4,.590,.585,0.8,1.3,.661,1.2,3.4,4.6,0.9,0.3,0.9,0.6,2.1,6.6
Mo Bamba,C,ORL,40,6,17.0,2.7,5.4,.495,1.1,2.7,.398,1.6,2.7,.594,.596,0.9,1.3,.686,1.2,3.4,4.6,1.1,0.3,1.0,0.6,2.2,7.3
Mo Bamba,C,LAL,9,1,9.8,1.2,3.0,.407,0.6,1.8,.313,0.7,1.2,.545,.500,0.7,1.2,.545,1.2,3.3,4.6,0.4,0.1,0.6,0.9,2.1,3.7
Paolo Banchero,PF,ORL,72,72,33.8,6.7,15.6,.427,1.2,4.0,.298,5.5,11.6,.471,.465,5.5,7.4,.738,1.2,5.7,6.9,3.7,0.8,0.5,2.8,2.2,20.0
Desmond Bane,SG,MEM,58,58,31.7,7.8,16.2,.479,2.9,7.0,.408,4.9,9.2,.534,.568,3.1,3.5,.883,0.7,4.3,5.0,4.4,1.0,0.4,2.2,2.6,21.5
Dalano Banton,PG,TOR,31,2,9.0,1.8,4.2,.423,0.5,1.6,.294,1.3,2.5,.506,.481,0.5,0.8,.708,0.4,1.1,1.5,1.2,0.4,0.4,0.6,1.1,4.6
Dominick Barlow,SF,SAS,28,0,14.6,1.6,3.1,.535,0.0,0.1,.000,1.6,2.9,.561,.535,0.6,0.9,.720,1.6,2.0,3.6,0.9,0.4,0.7,0.5,2.0,3.9
Harrison Barnes,PF,SAC,82,82,32.5,4.6,9.6,.473,1.6,4.3,.374,3.0,5.3,.553,.556,4.3,5.0,.847,1.1,3.4,4.5,1.6,0.7,0.1,1.0,1.3,15.0
Scottie Barnes,PF,TOR,77,76,34.8,6.0,13.2,.456,0.8,2.9,.281,5.2,10.3,.505,.487,2.5,3.2,.772,2.3,4.3,6.6,4.8,1.1,0.8,2.0,2.2,15.3
RJ Barrett,SG,NYK,73,73,33.9,7.0,16.1,.434,1.7,5.3,.310,5.3,10.8,.495,.485,4.0,5.4,.740,0.8,4.2,5.0,2.8,0.4,0.2,2.2,2.5,19.6
Will Barton,SG,TOT,56,2,17.7,2.5,6.5,.379,1.2,3.2,.367,1.3,3.3,.391,.470,0.7,0.8,.787,0.3,2.2,2.4,2.0,0.5,0.2,0.9,1.0,6.8
Will Barton,SG,WAS,40,0,19.6,2.8,7.1,.386,1.3,3.5,.377,1.5,3.7,.395,.477,0.9,1.1,.778,0.3,2.5,2.8,2.4,0.4,0.3,1.1,1.0,7.7
Will Barton,SG,TOR,16,2,13.2,1.8,4.9,.354,0.9,2.6,.333,0.9,2.3,.378,.443,0.1,0.1,1.000,0.3,1.3,1.6,1.1,0.7,0.2,0.2,1.1,4.5
Charles Bassey,C,SAS,35,2,14.5,2.5,3.9,.644,0.1,0.2,.375,2.4,3.6,.661,.656,0.6,1.1,.595,2.1,3.4,5.5,1.3,0.5,0.9,1.2,2.1,5.7
Keita Bates-Diop,SF,SAS,67,42,21.7,3.5,6.9,.508,0.8,2.1,.394,2.7,4.8,.557,.568,1.8,2.2,.793,1.0,2.7,3.7,1.5,0.7,0.3,0.8,0.9,9.7
Nicolas Batum,PF,LAC,78,19,21.9,2.1,4.9,.420,1.6,4.1,.391,0.5,0.8,.563,.583,0.4,0.6,.708,0.8,3.0,3.8,1.6,0.7,0.6,0.6,1.9,6.1
Darius Bazley,PF,TOT,43,1,14.3,1.9,4.3,.454,0.5,1.2,.377,1.5,3.0,.485,.508,0.9,1.6,.543,0.8,2.4,3.2,0.9,0.5,0.8,0.6,1.0,5.2
Darius Bazley,PF,OKC,36,1,15.4,2.0,4.4,.449,0.5,1.3,.400,1.5,3.1,.469,.506,1.0,1.8,.554,0.8,2.6,3.4,0.9,0.5,0.8,0.6,1.0,5.4
Darius Bazley,PF,PHO,7,0,8.7,1.7,3.6,.480,0.3,1.1,.250,1.4,2.4,.588,.520,0.3,0.7,.400,0.7,1.6,2.3,0.9,0.4,0.7,0.7,1.3,4.0
Bradley Beal,SG,WAS,50,50,33.5,8.9,17.6,.506,1.6,4.4,.365,7.3,13.2,.552,.551,3.8,4.6,.842,0.8,3.1,3.9,5.4,0.9,0.7,2.9,2.1,23.2
Malik Beasley,SG,TOT,81,27,25.8,4.6,11.6,.395,2.9,8.1,.357,1.7,3.4,.484,.520,0.6,0.8,.769,0.4,3.1,3.5,1.5,0.8,0.1,1.1,1.3,12.7
Malik Beasley,SG,UTA,55,13,26.8,4.8,12.2,.396,3.1,8.6,.359,1.7,3.6,.485,.522,0.7,0.8,.841,0.5,3.1,3.6,1.7,0.8,0.1,1.1,1.4,13.4
Malik Beasley,SG,LAL,26,14,23.9,4.0,10.3,.392,2.5,7.2,.353,1.5,3.1,.481,.515,0.5,0.8,.619,0.3,3.0,3.3,1.2,0.8,0.0,1.2,1.2,11.1
MarJon Beauchamp,SF,MIL,52,11,13.5,1.8,4.7,.395,0.9,2.7,.331,0.9,1.9,.485,.492,0.5,0.7,.730,0.7,1.5,2.2,0.7,0.4,0.1,0.9,1.4,5.1
Davis Bertans,PF,DAL,45,1,10.9,1.5,3.6,.431,1.2,3.1,.390,0.3,0.4,.737,.603,0.3,0.3,.867,0.2,1.0,1.2,0.5,0.2,0.2,0.2,1.2,4.6
Patrick Beverley,PG,TOT,67,67,27.1,2.1,5.4,.400,1.2,3.6,.335,1.0,1.8,.529,.511,0.7,1.0,.723,0.7,3.0,3.7,2.9,0.9,0.6,0.9,2.8,6.2
Patrick Beverley,PG,LAL,45,45,26.9,2.2,5.4,.402,1.2,3.5,.348,0.9,1.8,.506,.517,0.9,1.1,.780,0.5,2.6,3.1,2.6,0.9,0.6,0.9,2.8,6.4
Patrick Beverley,PG,CHI,22,22,27.5,2.1,5.4,.395,1.1,3.7,.309,1.0,1.7,.579,.500,0.4,0.7,.533,0.9,4.0,4.9,3.5,1.0,0.7,0.8,2.9,5.8
Saddiq Bey,SF,TOT,77,37,27.6,4.6,10.9,.422,2.0,5.4,.361,2.6,5.4,.483,.513,2.7,3.1,.861,1.3,3.4,4.7,1.5,0.9,0.2,0.9,1.6,13.8
Saddiq Bey,SF,DET,52,30,28.8,4.7,11.7,.404,1.9,5.6,.345,2.8,6.0,.460,.488,3.5,4.0,.861,1.1,3.5,4.7,1.6,1.0,0.2,1.0,1.7,14.8
Saddiq Bey,SF,ATL,25,7,25.2,4.3,9.2,.470,2.0,5.0,.400,2.3,4.2,.552,.578,1.0,1.2,.862,1.6,3.2,4.8,1.4,0.8,0.0,0.7,1.5,11.6
Khem Birch,C,TOR,20,0,8.1,1.0,1.6,.594,0.1,0.1,.500,0.9,1.5,.600,.609,0.2,0.3,.800,0.4,0.9,1.3,0.4,0.3,0.3,0.4,1.2,2.2
Goga Bitadze,C,TOT,38,1,12.0,1.8,3.3,.552,0.2,0.7,.231,1.7,2.6,.636,.576,0.6,1.1,.548,1.6,2.0,3.6,1.0,0.4,0.7,0.6,1.7,4.4
Goga Bitadze,C,IND,21,0,9.6,1.3,2.5,.519,0.2,0.7,.286,1.1,1.8,.605,.558,0.5,1.1,.458,1.2,1.1,2.3,0.9,0.4,0.5,0.6,1.6,3.3
Goga Bitadze,C,ORL,17,1,15.0,2.5,4.3,.575,0.1,0.7,.167,2.4,3.6,.656,.589,0.7,1.1,.667,2.1,3.1,5.2,1.2,0.4,0.9,0.6,1.8,5.8
Bismack Biyombo,C,PHO,61,14,14.3,2.0,3.4,.578,0.0,0.0,,2.0,3.4,.578,.578,0.4,1.1,.357,1.5,2.8,4.3,0.9,0.3,1.4,0.8,1.9,4.3
Buddy Boeheim,PG,DET,10,0,9.0,0.5,2.7,.185,0.4,2.5,.160,0.1,0.2,.500,.259,0.2,0.2,1.000,0.2,0.4,0.6,0.4,0.2,0.0,0.0,0.6,1.6
Bogdan Bogdanovic,SG,ATL,54,9,27.9,5.1,11.3,.447,2.7,6.7,.406,2.4,4.6,.506,.566,1.2,1.4,.831,0.4,2.6,3.1,2.8,0.8,0.3,1.2,1.6,14.0
Bojan Bogdanovic,PF,DET,59,59,32.1,7.3,14.9,.488,2.5,6.0,.411,4.8,9.0,.539,.570,4.5,5.1,.884,0.6,3.2,3.8,2.6,0.6,0.1,2.3,1.9,21.6
Bol Bol,PF,ORL,70,33,21.5,3.7,6.8,.546,0.4,1.6,.265,3.3,5.2,.633,.577,1.2,1.5,.759,1.0,4.8,5.8,1.0,0.4,1.2,1.6,1.3,9.1
Leandro Bolmaro,SG,UTA,14,0,4.9,0.2,1.4,.150,0.0,0.3,.000,0.2,1.1,.188,.150,0.0,0.0,,0.3,0.2,0.5,0.5,0.2,0.1,0.5,0.7,0.4
Devin Booker,SG,PHO,53,53,34.6,9.9,20.1,.494,2.1,6.0,.351,7.8,14.2,.554,.546,5.8,6.8,.855,0.9,3.7,4.5,5.5,1.0,0.3,2.7,3.0,27.8
Brandon Boston Jr.,SG,LAC,22,1,11.3,2.3,5.5,.418,0.5,1.3,.414,1.8,4.2,.419,.467,1.3,1.7,.763,0.3,1.0,1.4,0.9,0.4,0.0,0.5,1.0,6.5
Chris Boucher,PF,TOR,76,0,20.0,3.4,7.0,.493,0.8,2.5,.328,2.6,4.5,.585,.552,1.7,2.2,.762,2.1,3.5,5.5,0.4,0.6,0.8,0.5,1.9,9.4
James Bouknight,SG,CHO,34,0,15.1,2.0,5.7,.358,1.0,3.2,.303,1.1,2.5,.429,.443,0.6,0.9,.667,0.2,1.9,2.1,1.2,0.4,0.1,0.9,1.4,5.6
Jamaree Bouyea,PG,TOT,5,0,14.2,1.2,2.8,.429,0.4,1.2,.333,0.8,1.6,.500,.500,0.2,0.4,.500,0.2,1.0,1.2,0.8,0.8,0.4,0.8,1.2,3.0
Jamaree Bouyea,PG,MIA,4,0,16.3,1.5,3.3,.462,0.5,1.3,.400,1.0,2.0,.500,.538,0.3,0.5,.500,0.3,1.0,1.3,1.0,1.0,0.5,1.0,1.3,3.8
Jamaree Bouyea,PG,WAS,1,0,6.0,0.0,1.0,.000,0.0,1.0,.000,0.0,0.0,,.000,0.0,0.0,,0.0,1.0,1.0,0.0,0.0,0.0,0.0,1.0,0.0
Tony Bradley,C,CHI,12,0,2.8,0.5,1.0,.500,0.3,0.4,.600,0.3,0.6,.429,.625,0.3,0.3,1.000,0.1,0.8,0.9,0.1,0.1,0.1,0.1,0.2,1.6
Malaki Branham,SF,SAS,66,32,23.5,4.1,9.3,.440,1.2,3.9,.302,2.9,5.4,.539,.503,0.9,1.1,.829,0.4,2.3,2.7,1.9,0.5,0.1,1.2,1.7,10.2
Jarrell Brantley,PF,UTA,4,0,9.8,2.0,3.5,.571,1.0,2.3,.444,1.0,1.3,.800,.714,0.5,0.5,1.000,0.3,1.3,1.5,0.8,0.0,0.5,0.5,0.8,5.5
Christian Braun,SG,DEN,76,6,15.5,1.9,3.8,.495,0.4,1.3,.354,1.4,2.5,.565,.554,0.5,0.8,.625,0.6,1.8,2.4,0.8,0.5,0.2,0.5,1.3,4.7
Mikal Bridges,SF,TOT,83,83,35.7,7.1,15.3,.468,2.0,5.3,.382,5.1,9.9,.514,.535,3.8,4.3,.895,1.0,3.4,4.4,3.3,1.1,0.7,1.5,1.9,20.1
Mikal Bridges,SF,PHO,56,56,36.4,6.3,13.6,.463,1.8,4.7,.387,4.5,9.0,.503,.529,2.8,3.1,.897,1.0,3.3,4.3,3.6,1.2,0.8,1.4,2.1,17.2
Mikal Bridges,SF,BRK,27,27,34.2,8.9,18.6,.475,2.5,6.7,.376,6.3,11.9,.531,.543,5.9,6.6,.894,0.9,3.6,4.5,2.7,1.0,0.6,1.8,1.6,26.1
Oshae Brissett,SF,IND,65,2,16.7,1.9,4.9,.386,0.7,2.4,.310,1.2,2.5,.457,.461,1.6,2.2,.717,1.0,2.4,3.4,0.7,0.5,0.2,0.5,1.2,6.1
Malcolm Brogdon,PG,BOS,67,0,26.0,5.3,10.9,.484,2.0,4.4,.444,3.3,6.5,.510,.574,2.4,2.7,.870,0.6,3.6,4.2,3.7,0.7,0.3,1.5,1.6,14.9
Dillon Brooks,SF,MEM,73,73,30.3,5.4,13.6,.396,2.0,6.0,.326,3.4,7.6,.451,.468,1.6,2.1,.779,0.6,2.7,3.3,2.6,0.9,0.2,1.4,3.3,14.3
Bruce Brown,SG,DEN,80,31,28.5,4.5,9.3,.483,1.1,3.2,.358,3.3,6.1,.548,.545,1.5,1.9,.758,0.8,3.3,4.1,3.4,1.1,0.6,1.5,2.4,11.5
Greg Brown III,PF,POR,16,0,5.8,0.7,1.8,.393,0.1,0.4,.143,0.6,1.3,.476,.411,0.3,0.8,.417,0.1,1.1,1.2,0.2,0.3,0.3,0.4,0.8,1.8
Jaylen Brown,SF,BOS,67,67,35.9,10.1,20.6,.491,2.4,7.3,.335,7.7,13.4,.576,.550,3.9,5.1,.765,1.2,5.7,6.9,3.5,1.1,0.4,2.9,2.6,26.6
Kendall Brown,SG,IND,6,0,6.7,0.7,1.2,.571,0.0,0.2,.000,0.7,1.0,.667,.571,0.2,0.3,.500,0.3,0.7,1.0,0.5,0.7,0.0,0.3,1.5,1.5
Moses Brown,C,TOT,36,1,8.2,1.7,2.7,.635,0.0,0.0,,1.7,2.7,.635,.635,0.9,2.0,.458,1.6,2.3,3.9,0.1,0.1,0.4,0.4,1.1,4.3
Moses Brown,C,LAC,34,1,8.5,1.8,2.8,.635,0.0,0.0,,1.8,2.8,.635,.635,1.0,2.1,.458,1.7,2.4,4.1,0.1,0.1,0.4,0.4,1.1,4.6
Moses Brown,C,BRK,2,0,3.0,0.0,0.0,,0.0,0.0,,0.0,0.0,,,0.0,0.0,,0.0,0.0,0.0,0.0,0.5,0.0,0.5,0.5,0.0
Sterling Brown,SG,LAL,4,0,6.0,0.0,1.0,.000,0.0,0.5,.000,0.0,0.5,.000,.000,0.0,0.0,,0.8,1.3,2.0,0.5,0.8,0.0,0.0,1.0,0.0
Troy Brown Jr.,SF,LAL,76,45,24.5,2.6,6.1,.430,1.4,3.7,.381,1.2,2.4,.505,.545,0.4,0.5,.872,0.8,3.2,4.1,1.3,0.8,0.2,0.6,1.6,7.1
Jalen Brunson,PG,NYK,68,68,35.0,8.6,17.6,.491,2.0,4.7,.416,6.7,12.8,.519,.547,4.8,5.8,.829,0.6,3.0,3.5,6.2,0.9,0.2,2.1,2.2,24.0
Thomas Bryant,C,TOT,59,26,18.3,3.9,6.3,.623,0.4,1.0,.441,3.5,5.3,.658,.659,1.6,2.1,.738,1.5,4.3,5.7,0.5,0.3,0.5,0.6,1.7,9.8
Thomas Bryant,C,LAL,41,25,21.4,4.8,7.3,.654,0.5,1.2,.440,4.3,6.1,.697,.691,2.0,2.6,.741,1.6,5.2,6.8,0.7,0.3,0.6,0.7,1.9,12.1
Thomas Bryant,C,DEN,18,1,11.4,1.8,3.8,.485,0.2,0.5,.444,1.6,3.3,.492,.515,0.7,1.0,.722,1.1,2.3,3.3,0.1,0.1,0.4,0.6,1.4,4.6
Reggie Bullock,SF,DAL,78,55,30.3,2.5,6.0,.409,1.9,5.1,.380,0.5,0.9,.562,.569,0.3,0.5,.703,0.4,3.2,3.6,1.4,0.7,0.2,0.5,2.1,7.2
Alec Burks,SG,DET,51,8,22.0,3.9,9.0,.436,1.9,4.7,.414,2.0,4.3,.459,.544,3.0,3.7,.814,0.4,2.7,3.1,2.2,0.7,0.2,1.1,1.9,12.8
Deonte Burton,SG,SAC,2,0,3.0,0.0,1.0,.000,0.0,0.5,.000,0.0,0.5,.000,.000,0.0,0.0,,0.0,0.0,0.0,0.0,0.0,0.0,0.0,0.0,0.0
Jared Butler,SG,OKC,6,1,12.8,2.5,5.3,.469,1.2,2.3,.500,1.3,3.0,.444,.578,0.0,0.0,,0.2,0.5,0.7,1.3,0.8,0.0,0.8,0.8,6.2
Jimmy Butler,SF,MIA,64,64,33.4,7.5,13.9,.539,0.6,1.6,.350,6.9,12.3,.564,.560,7.4,8.7,.850,2.2,3.7,5.9,5.3,1.8,0.3,1.6,1.3,22.9
John Butler Jr.,C,POR,19,1,11.6,0.9,2.8,.321,0.4,1.8,.229,0.5,0.9,.500,.396,0.2,0.2,.750,0.2,0.7,0.9,0.6,0.4,0.5,0.1,1.2,2.4
Jamal Cain,SF,MIA,18,0,13.3,2.1,3.7,.561,0.4,1.1,.350,1.7,2.6,.652,.614,0.9,1.2,.773,0.8,2.1,2.9,0.7,0.6,0.1,0.3,1.2,5.4
Kentavious Caldwell-Pope,SG,DEN,76,76,31.3,3.8,8.3,.462,1.8,4.2,.423,2.1,4.1,.502,.569,1.4,1.6,.824,0.5,2.3,2.7,2.4,1.5,0.5,1.1,1.9,10.8
Facundo Campazzo,PG,DAL,8,0,6.5,0.4,1.6,.231,0.4,1.4,.273,0.0,0.3,.000,.346,0.1,0.3,.500,0.0,0.3,0.3,1.1,0.8,0.0,0.4,0.4,1.3
Vlatko Cancar,PF,DEN,60,9,14.8,1.8,3.8,.476,0.7,1.9,.374,1.1,1.9,.580,.570,0.6,0.7,.927,0.4,1.7,2.1,1.3,0.4,0.2,0.6,1.4,5.0
Clint Capela,C,ATL,65,63,26.6,5.4,8.2,.653,0.0,0.0,.000,5.4,8.2,.654,.653,1.2,2.0,.603,4.0,7.1,11.0,0.9,0.7,1.2,0.8,2.1,12.0
Vernon Carey Jr.,C,WAS,11,0,2.5,0.2,0.7,.250,0.0,0.0,,0.2,0.7,.250,.250,0.2,0.2,1.000,0.3,0.7,1.0,0.3,0.2,0.2,0.2,0.5,0.5
Jevon Carter,PG,MIL,81,39,22.3,3.0,7.0,.423,1.8,4.2,.421,1.2,2.8,.425,.549,0.4,0.5,.816,0.4,2.1,2.5,2.4,0.8,0.4,1.0,2.0,8.0
Wendell Carter Jr.,C,ORL,57,54,29.6,5.6,10.8,.525,1.4,3.9,.356,4.2,6.8,.624,.591,2.5,3.4,.738,2.1,6.6,8.7,2.3,0.5,0.6,1.9,2.8,15.2
Michael Carter-Williams,PG,ORL,4,0,11.0,1.5,3.5,.429,0.3,0.8,.333,1.3,2.8,.455,.464,1.0,1.8,.571,0.3,1.0,1.3,1.8,0.3,0.3,1.0,1.3,4.3
Alex Caruso,PG,CHI,67,36,23.5,1.9,4.3,.455,0.8,2.3,.364,1.1,2.0,.556,.551,0.9,1.1,.808,0.6,2.3,2.9,2.9,1.5,0.7,1.1,2.4,5.6
Julian Champagnie,SF,TOT,17,3,18.8,3.5,7.6,.454,1.9,4.8,.402,1.5,2.8,.542,.581,0.8,1.0,.824,0.6,2.9,3.5,0.6,0.4,0.3,0.6,1.5,9.7
Julian Champagnie,SF,PHI,2,0,3.5,0.0,1.0,.000,0.0,0.5,.000,0.0,0.5,.000,.000,0.0,0.0,,0.0,0.0,0.0,0.0,0.5,0.0,0.0,0.0,0.0
Julian Champagnie,SF,SAS,15,3,20.9,3.9,8.5,.461,2.2,5.4,.407,1.7,3.1,.553,.590,0.9,1.1,.824,0.7,3.3,4.0,0.7,0.3,0.3,0.7,1.7,11.0
Justin Champagnie,SF,TOT,5,0,6.8,1.0,3.0,.333,0.2,1.0,.200,0.8,2.0,.400,.367,0.0,0.0,,0.6,1.0,1.6,0.8,0.2,0.0,0.0,0.4,2.2
Justin Champagnie,SF,TOR,3,0,3.7,1.0,1.0,1.000,0.0,0.0,,1.0,1.0,1.000,1.000,0.0,0.0,,0.3,1.0,1.3,0.3,0.0,0.0,0.0,0.3,2.0
Justin Champagnie,SF,BOS,2,0,11.5,1.0,6.0,.167,0.5,2.5,.200,0.5,3.5,.143,.208,0.0,0.0,,1.0,1.0,2.0,1.5,0.5,0.0,0.0,0.5,2.5
Kennedy Chandler,PG,MEM,36,0,7.8,1.0,2.3,.422,0.1,0.4,.133,0.9,1.9,.485,.434,0.2,0.4,.462,0.3,0.8,1.1,1.6,0.3,0.1,0.5,0.4,2.2
Max Christie,SG,LAL,41,3,12.5,1.1,2.6,.415,0.6,1.5,.419,0.4,1.1,.409,.538,0.3,0.4,.875,0.2,1.7,1.8,0.5,0.2,0.2,0.3,0.8,3.1
Josh Christopher,SG,HOU,64,2,12.3,2.4,5.1,.465,0.3,1.4,.236,2.1,3.8,.550,.497,0.7,0.9,.750,0.3,0.8,1.1,1.1,0.5,0.2,0.9,0.9,5.8
Brandon Clarke,PF,MEM,56,8,19.5,4.1,6.2,.656,0.0,0.1,.167,4.1,6.1,.665,.658,1.8,2.4,.723,1.6,3.9,5.5,1.3,0.6,0.7,1.0,2.3,10.0
Jordan Clarkson,SG,UTA,61,61,32.6,7.5,16.9,.444,2.5,7.5,.338,5.0,9.4,.530,.519,3.3,4.0,.816,1.2,2.9,4.0,4.4,0.5,0.2,3.0,2.0,20.8
Nic Claxton,C,BRK,76,76,29.9,5.4,7.7,.705,0.0,0.0,.000,5.4,7.7,.708,.705,1.8,3.2,.541,2.4,6.8,9.2,1.9,0.9,2.5,1.3,2.8,12.6
Amir Coffey,SG,LAC,50,9,12.5,1.1,2.9,.386,0.2,0.8,.275,0.9,2.1,.429,.424,1.0,1.3,.778,0.3,0.7,1.1,1.1,0.1,0.1,0.4,1.0,3.4
John Collins,PF,ATL,71,71,30.0,5.1,10.0,.508,1.0,3.4,.292,4.1,6.6,.619,.557,2.0,2.5,.803,1.1,5.4,6.5,1.2,0.6,1.0,1.1,3.1,13.1
Zach Collins,C,SAS,63,26,22.9,4.5,8.7,.518,0.9,2.3,.374,3.6,6.4,.571,.568,1.7,2.3,.761,1.8,4.5,6.4,2.9,0.6,0.8,2.0,3.2,11.6
Chance Comanche,C,POR,1,0,21.0,3.0,5.0,.600,0.0,0.0,,3.0,5.0,.600,.600,1.0,4.0,.250,2.0,1.0,3.0,0.0,0.0,1.0,0.0,0.0,7.0
Mike Conley,PG,TOT,67,66,30.3,3.9,9.1,.428,2.0,5.2,.385,1.9,3.9,.486,.539,2.1,2.5,.834,0.5,2.2,2.7,6.7,1.1,0.2,1.5,2.1,11.9
Mike Conley,PG,UTA,43,42,29.7,3.6,8.7,.408,1.8,5.0,.362,1.8,3.8,.469,.511,1.8,2.2,.813,0.4,2.1,2.5,7.7,1.0,0.2,1.7,2.2,10.7
Mike Conley,PG,MIN,24,24,31.4,4.5,9.8,.460,2.4,5.8,.420,2.1,4.0,.515,.583,2.6,3.0,.863,0.7,2.5,3.1,5.0,1.2,0.2,1.2,1.9,14.0
Pat Connaughton,SG,MIL,61,33,23.7,2.7,6.9,.392,1.8,5.3,.339,0.9,1.6,.566,.521,0.4,0.7,.659,0.8,3.8,4.6,1.3,0.6,0.2,0.5,1.1,7.6
Xavier Cooks,PF,WAS,10,1,12.6,1.7,2.8,.607,0.0,0.1,.000,1.7,2.7,.630,.607,0.4,1.0,.400,1.6,2.2,3.8,0.6,0.6,0.4,0.8,1.3,3.8
Robert Covington,PF,LAC,48,0,16.2,2.1,4.8,.445,1.1,2.8,.397,1.0,1.9,.516,.563,0.6,0.8,.750,0.6,2.8,3.5,1.2,0.8,0.7,0.7,1.8,6.0
Torrey Craig,SF,PHO,79,60,24.7,2.9,6.3,.456,1.3,3.2,.395,1.6,3.1,.518,.556,0.4,0.6,.711,1.8,3.6,5.4,1.5,0.6,0.8,0.9,2.3,7.4
Jae Crowder,SF,MIL,18,3,18.9,2.5,5.2,.479,1.3,3.1,.436,1.2,2.2,.538,.606,0.6,0.7,.833,0.9,2.9,3.8,1.5,0.7,0.3,0.4,1.5,6.9
Jarrett Culver,SG,ATL,10,1,13.7,1.7,4.3,.395,0.1,1.2,.083,1.6,3.1,.516,.407,0.9,1.3,.692,1.0,2.8,3.8,0.6,0.6,0.2,0.7,1.4,4.4
Cade Cunningham,PG,DET,12,12,33.3,7.8,18.7,.415,1.4,5.1,.279,6.3,13.6,.466,.453,3.0,3.6,.837,1.0,5.2,6.2,6.0,0.8,0.6,3.3,2.8,19.9
Seth Curry,SG,BRK,61,7,19.9,3.4,7.4,.463,1.5,3.8,.405,1.9,3.6,.525,.568,0.8,0.9,.927,0.2,1.4,1.6,1.6,0.6,0.1,0.8,1.6,9.2
Stephen Curry,PG,GSW,56,56,34.7,10.0,20.2,.493,4.9,11.4,.427,5.1,8.8,.579,.614,4.6,5.0,.915,0.7,5.4,6.1,6.3,0.9,0.4,3.2,2.1,29.4
Dyson Daniels,PG,NOP,59,11,17.7,1.5,3.5,.418,0.5,1.5,.314,1.0,2.1,.492,.483,0.4,0.7,.650,0.6,2.6,3.2,2.3,0.7,0.2,1.0,1.7,3.8
Anthony Davis,C,LAL,56,54,34.0,9.7,17.2,.563,0.3,1.3,.257,9.3,15.9,.589,.573,6.2,7.9,.784,3.5,9.1,12.5,2.6,1.1,2.0,2.2,2.6,25.9
Johnny Davis,SG,WAS,28,5,15.1,2.4,6.1,.386,0.6,2.5,.243,1.8,3.6,.485,.436,0.5,1.0,.519,0.4,2.0,2.3,1.0,0.4,0.3,0.6,1.7,5.8
Terence Davis,SG,SAC,64,5,13.1,2.4,5.7,.423,1.4,3.8,.366,1.0,1.9,.537,.545,0.5,0.7,.791,0.3,1.9,2.2,1.0,0.7,0.2,0.8,1.6,6.7
JD Davison,PG,BOS,12,0,5.5,0.7,1.6,.421,0.2,0.6,.286,0.5,1.0,.500,.474,0.1,0.2,.500,0.2,0.6,0.8,0.9,0.2,0.2,0.3,0.4,1.6
Darius Days,PF,HOU,4,0,6.3,1.3,3.0,.417,0.8,2.5,.300,0.5,0.5,1.000,.542,0.5,0.5,1.000,0.3,1.3,1.5,0.3,0.0,0.3,0.0,0.5,3.8
Dewayne Dedmon,C,TOT,38,1,11.2,2.0,4.0,.510,0.3,1.0,.308,1.7,2.9,.580,.550,0.9,1.3,.673,0.9,2.6,3.5,0.7,0.2,0.5,0.7,2.0,5.2
Dewayne Dedmon,C,MIA,30,0,11.7,2.1,4.3,.496,0.4,1.2,.297,1.8,3.1,.576,.539,1.1,1.5,.727,0.9,2.7,3.6,0.5,0.2,0.5,0.6,2.0,5.7
Dewayne Dedmon,C,PHI,8,1,9.5,1.6,2.8,.591,0.1,0.3,.500,1.5,2.5,.600,.614,0.1,0.6,.200,0.8,2.4,3.1,1.3,0.3,0.6,0.8,1.8,3.5
Matthew Dellavedova,PG,SAC,32,0,6.7,0.5,1.6,.340,0.3,0.8,.333,0.3,0.7,.348,.430,0.1,0.2,.571,0.0,0.4,0.4,1.3,0.2,0.0,0.3,0.6,1.5
DeMar DeRozan,SF,CHI,74,74,36.2,8.9,17.6,.504,0.6,1.9,.324,8.3,15.7,.526,.522,6.2,7.1,.872,0.5,4.2,4.6,5.1,1.1,0.5,2.1,2.5,24.5
Moussa Diabate,PF,LAC,22,1,8.9,1.1,2.1,.511,0.0,0.1,.500,1.0,2.0,.511,.521,0.5,0.7,.625,1.4,0.9,2.3,0.2,0.3,0.4,0.4,0.7,2.7
Mamadi Diakite,PF,CLE,22,2,8.0,1.1,2.3,.480,0.3,1.0,.333,0.8,1.3,.586,.550,0.1,0.1,1.000,0.4,1.0,1.4,0.4,0.2,0.4,0.5,1.2,2.6
Hamidou Diallo,SG,DET,56,0,17.8,3.8,6.7,.573,0.1,0.4,.238,3.8,6.3,.593,.580,1.6,2.6,.588,1.0,2.4,3.5,1.0,0.9,0.3,1.3,2.2,9.3
Gorgui Dieng,C,SAS,31,1,11.5,1.5,3.8,.385,0.7,2.4,.280,0.8,1.4,.571,.474,0.3,0.4,.769,0.9,2.6,3.5,1.7,0.1,0.5,1.0,1.8,3.9
Ousmane Dieng,SF,OKC,39,1,14.6,1.9,4.6,.420,0.7,2.5,.265,1.3,2.1,.602,.492,0.4,0.6,.652,0.5,2.2,2.7,1.2,0.4,0.2,0.7,1.1,4.9
Spencer Dinwiddie,PG,TOT,79,79,34.5,5.8,13.3,.438,2.3,6.2,.369,3.5,7.1,.498,.524,3.4,4.2,.812,0.4,3.1,3.4,6.5,0.8,0.3,1.8,2.4,17.3
Spencer Dinwiddie,PG,DAL,53,53,34.1,6.0,13.1,.455,2.6,6.4,.405,3.4,6.7,.504,.555,3.2,3.9,.821,0.4,2.7,3.1,5.3,0.7,0.3,1.7,2.3,17.7
Spencer Dinwiddie,PG,BRK,26,26,35.3,5.5,13.7,.404,1.7,5.7,.289,3.9,8.0,.488,.465,3.8,4.7,.797,0.3,3.8,4.1,9.1,1.1,0.3,2.1,2.4,16.5
Donte DiVincenzo,SG,GSW,72,36,26.3,3.3,7.5,.435,2.1,5.3,.397,1.2,2.3,.525,.574,0.8,1.0,.817,1.1,3.4,4.5,3.5,1.3,0.1,1.6,1.8,9.4
Luka Doncic,PG,DAL,66,66,36.2,10.9,22.0,.496,2.8,8.2,.342,8.1,13.8,.588,.560,7.8,10.5,.742,0.8,7.8,8.6,8.0,1.4,0.5,3.6,2.5,32.4
Tyler Dorsey,SG,DAL,3,0,2.7,1.3,1.7,.800,0.3,0.7,.500,1.0,1.0,1.000,.900,0.0,0.0,,0.3,0.3,0.7,0.0,0.0,0.0,0.0,0.0,3.0
Luguentz Dort,SG,OKC,74,73,30.7,4.6,11.8,.388,1.8,5.5,.330,2.8,6.3,.440,.466,2.7,3.5,.772,1.7,2.9,4.6,2.1,1.0,0.3,1.2,3.3,13.7
Ayo Dosunmu,SG,CHI,80,51,26.2,3.5,7.1,.493,0.7,2.4,.312,2.8,4.8,.583,.545,0.8,1.0,.805,0.6,2.2,2.8,2.6,0.8,0.3,1.2,2.3,8.6
Devon Dotson,PG,WAS,6,0,8.8,0.2,1.7,.100,0.2,0.7,.250,0.0,1.0,.000,.150,0.0,0.0,,1.0,0.7,1.7,1.3,0.8,0.0,0.5,1.5,0.5
Jeff Dowtin Jr.,PG,TOR,25,0,10.4,1.0,2.3,.439,0.2,0.6,.313,0.8,1.6,.488,.482,0.2,0.4,.667,0.2,0.7,0.9,1.2,0.4,0.1,0.2,0.5,2.4
PJ Dozier,SG,SAC,16,0,4.9,0.6,2.1,.303,0.1,1.0,.125,0.5,1.1,.471,.333,0.0,0.0,,0.1,0.8,0.9,0.6,0.4,0.1,0.3,0.4,1.4
Goran Dragic,PG,TOT,58,0,15.0,2.4,5.8,.421,0.9,2.5,.359,1.5,3.3,.468,.499,0.5,0.8,.689,0.3,1.1,1.4,2.6,0.2,0.1,1.1,1.1,6.3
Goran Dragic,PG,CHI,51,0,15.4,2.5,5.9,.425,0.9,2.5,.352,1.6,3.4,.480,.500,0.5,0.8,.659,0.3,1.1,1.4,2.7,0.2,0.1,1.1,1.2,6.4
Goran Dragic,PG,MIL,7,0,11.9,2.0,5.1,.389,1.0,2.4,.412,1.0,2.7,.368,.486,0.6,0.6,1.000,0.4,1.3,1.7,1.7,0.3,0.0,1.0,0.3,5.6
Andre Drummond,C,CHI,67,0,12.7,2.5,4.1,.606,0.0,0.0,.000,2.5,4.0,.613,.606,1.0,1.9,.536,2.1,4.6,6.6,0.5,0.7,0.4,1.1,1.7,6.0
Chris Duarte,SF,IND,46,12,19.5,2.7,7.2,.369,1.2,3.8,.316,1.5,3.5,.428,.452,1.3,1.6,.847,0.4,2.1,2.5,1.4,0.5,0.2,0.9,1.4,7.9
David Duke Jr.,SG,BRK,23,0,9.9,1.6,3.4,.462,0.0,0.5,.083,1.5,2.9,.530,.468,0.5,0.7,.706,0.5,0.8,1.3,0.9,0.4,0.0,0.8,1.3,3.7
Kris Dunn,PG,UTA,22,3,25.8,5.3,9.8,.537,0.8,1.6,.472,4.5,8.2,.550,.576,1.9,2.4,.774,0.4,4.1,4.5,5.6,1.1,0.5,1.6,2.6,13.2
Kevin Durant,PF-SF,TOT,47,47,35.6,10.3,18.3,.560,2.0,4.9,.404,8.3,13.4,.617,.614,6.5,7.1,.919,0.4,6.3,6.7,5.0,0.7,1.4,3.3,2.1,29.1
Kevin Durant,PF,BRK,39,39,36.0,10.5,18.8,.559,1.8,4.8,.376,8.7,14.0,.622,.607,6.8,7.3,.934,0.4,6.4,6.7,5.3,0.8,1.5,3.5,2.4,29.7
Kevin Durant,SF,PHO,8,8,33.6,9.1,16.0,.570,2.8,5.1,.537,6.4,10.9,.586,.656,5.0,6.0,.833,0.4,6.0,6.4,3.5,0.3,1.3,2.5,0.9,26.0
Jalen Duren,C,DET,67,31,24.9,3.9,5.9,.648,0.0,0.0,.000,3.9,5.9,.652,.648,1.4,2.3,.611,3.4,5.5,8.9,1.1,0.7,0.9,1.4,2.7,9.1
Tari Eason,PF,HOU,82,5,21.5,3.6,8.0,.448,0.7,2.1,.343,2.9,6.0,.486,.493,1.3,1.8,.752,2.4,3.7,6.0,1.1,1.2,0.6,1.2,2.3,9.3
Anthony Edwards,SG,MIN,79,79,36.0,8.9,19.5,.459,2.7,7.3,.369,6.3,12.2,.513,.528,4.0,5.3,.756,0.6,5.2,5.8,4.4,1.6,0.7,3.3,2.4,24.6
Kessler Edwards,SF,TOT,36,4,10.7,1.0,2.6,.387,0.5,1.5,.309,0.5,1.1,.500,.478,0.3,0.4,.733,0.6,1.1,1.7,0.6,0.4,0.2,0.4,1.1,2.8
Kessler Edwards,SF,BRK,14,1,5.6,0.4,1.7,.250,0.1,0.9,.167,0.3,0.9,.333,.292,0.1,0.1,.500,0.4,0.6,1.0,0.1,0.2,0.1,0.3,0.2,1.1
Kessler Edwards,SF,SAC,22,3,13.9,1.4,3.1,.435,0.7,2.0,.349,0.7,1.2,.577,.543,0.5,0.6,.769,0.8,1.4,2.1,1.0,0.5,0.2,0.4,1.7,3.9
Keon Ellis,SG,SAC,16,0,4.4,0.4,1.0,.438,0.4,0.8,.500,0.1,0.3,.250,.625,0.3,0.4,.571,0.3,0.3,0.5,0.4,0.3,0.1,0.1,0.6,1.5
Joel Embiid,C,PHI,66,66,34.6,11.0,20.1,.548,1.0,3.0,.330,10.0,17.1,.587,.573,10.0,11.7,.857,1.7,8.4,10.2,4.2,1.0,1.7,3.4,3.1,33.1
Drew Eubanks,C,POR,78,28,20.3,2.7,4.3,.641,0.1,0.2,.389,2.7,4.1,.655,.651,1.1,1.6,.664,1.7,3.7,5.4,1.3,0.5,1.3,0.9,2.2,6.6
Bruno Fernando,C,TOT,39,4,10.4,1.5,2.9,.527,0.0,0.1,.000,1.5,2.8,.546,.527,0.9,1.3,.700,1.4,2.1,3.5,0.8,0.2,0.9,0.6,1.9,3.9
Bruno Fernando,C,HOU,31,4,11.7,1.5,3.0,.516,0.0,0.0,.000,1.5,3.0,.522,.516,1.0,1.4,.682,1.5,2.4,3.9,1.0,0.2,1.0,0.6,2.2,4.1
Bruno Fernando,C,ATL,8,0,5.1,1.4,2.4,.579,0.0,0.4,.000,1.4,2.0,.688,.579,0.6,0.8,.833,0.8,1.1,1.9,0.1,0.0,0.4,0.6,0.8,3.4
Dorian Finney-Smith,PF,TOT,66,66,30.4,3.0,7.6,.391,1.7,5.1,.337,1.2,2.5,.503,.505,0.7,0.9,.763,1.7,3.1,4.8,1.5,0.8,0.5,0.9,2.2,8.3
Dorian Finney-Smith,PF,DAL,40,40,32.2,3.2,7.8,.416,1.9,5.4,.355,1.3,2.3,.559,.540,0.8,1.0,.750,1.7,3.0,4.7,1.5,1.0,0.5,0.9,2.0,9.1
Dorian Finney-Smith,PF,BRK,26,26,27.7,2.6,7.3,.351,1.4,4.7,.306,1.2,2.7,.429,.448,0.6,0.7,.789,1.8,3.1,4.9,1.6,0.7,0.6,1.0,2.5,7.2
Malachi Flynn,PG,TOR,53,2,13.0,1.6,4.6,.360,0.9,2.5,.353,0.8,2.1,.367,.457,0.5,0.6,.758,0.3,1.2,1.4,1.3,0.4,0.1,0.5,1.2,4.6
Simone Fontecchio,SF,UTA,52,6,14.7,2.2,6.0,.369,1.2,3.7,.330,1.0,2.3,.430,.470,0.7,0.8,.795,0.6,1.1,1.7,0.8,0.3,0.2,0.8,1.2,6.3
Bryn Forbes,SG,MIN,25,0,10.7,1.2,3.3,.361,0.6,1.8,.304,0.6,1.5,.432,.446,0.6,0.6,1.000,0.2,0.4,0.6,0.7,0.3,0.1,0.5,0.9,3.6
Trent Forrest,PG,ATL,23,3,12.0,1.1,2.6,.417,0.0,0.1,.000,1.1,2.5,.431,.417,0.1,0.1,.667,0.2,1.4,1.6,1.7,0.3,0.1,0.7,0.7,2.3
Michael Foster Jr.,PF,PHI,1,0,1.0,0.0,0.0,,0.0,0.0,,0.0,0.0,,,0.0,0.0,,0.0,0.0,0.0,0.0,0.0,0.0,0.0,0.0,0.0
Evan Fournier,SG,NYK,27,7,17.0,2.1,6.1,.337,1.3,4.2,.307,0.8,1.9,.404,.443,0.7,0.8,.857,0.1,1.7,1.8,1.3,0.6,0.1,0.8,1.7,6.1
De'Aaron Fox,PG,SAC,73,73,33.4,9.3,18.2,.512,1.6,5.0,.324,7.7,13.2,.584,.557,4.7,6.0,.780,0.5,3.6,4.2,6.1,1.1,0.3,2.5,2.4,25.0
Markelle Fultz,PG,ORL,60,60,29.6,5.8,11.3,.514,0.5,1.5,.310,5.4,9.9,.544,.534,1.9,2.4,.783,1.2,2.8,3.9,5.7,1.5,0.4,2.3,2.2,14.0
Wenyen Gabriel,PF,LAL,68,2,15.1,2.3,3.8,.596,0.1,0.5,.278,2.1,3.3,.647,.615,0.8,1.2,.619,1.7,2.5,4.2,0.5,0.4,0.5,0.7,2.1,5.5
Daniel Gafford,C,WAS,78,47,20.6,3.7,5.1,.732,0.0,0.0,,3.7,5.1,.732,.732,1.6,2.4,.679,2.1,3.5,5.6,1.1,0.4,1.3,1.1,2.4,9.0
Darius Garland,PG,CLE,69,69,35.5,7.6,16.4,.462,2.4,6.0,.410,5.1,10.4,.492,.537,4.0,4.7,.863,0.4,2.3,2.7,7.8,1.2,0.1,2.9,2.1,21.6
Usman Garuba,PF,HOU,75,1,12.9,1.1,2.4,.486,0.3,0.8,.407,0.8,1.6,.525,.554,0.4,0.6,.617,1.6,2.5,4.1,0.9,0.6,0.4,0.6,1.8,3.0
Luka Garza,C,MIN,28,0,8.7,2.3,4.1,.543,0.5,1.4,.359,1.8,2.8,.636,.603,1.5,1.9,.788,1.2,1.1,2.3,0.6,0.1,0.1,0.5,1.5,6.5
Rudy Gay,PF,UTA,56,0,14.6,1.9,5.1,.380,0.6,2.3,.254,1.4,2.8,.484,.437,0.8,0.9,.857,0.6,2.3,2.9,1.0,0.3,0.3,0.7,1.2,5.2
Paul George,SG,LAC,56,56,34.6,8.2,17.9,.457,2.8,7.6,.371,5.4,10.3,.521,.536,4.6,5.3,.871,0.8,5.3,6.1,5.1,1.5,0.4,3.1,2.8,23.8
Taj Gibson,C,WAS,49,2,9.8,1.3,2.6,.520,0.2,0.5,.333,1.2,2.1,.564,.552,0.6,0.9,.714,0.7,1.2,1.9,0.7,0.3,0.2,0.5,1.7,3.4
Josh Giddey,SG,OKC,76,76,31.1,7.1,14.7,.482,1.0,3.1,.325,6.1,11.6,.524,.516,1.4,1.9,.731,1.9,5.9,7.9,6.2,0.8,0.4,2.8,1.9,16.6
Shai Gilgeous-Alexander,PG,OKC,68,68,35.5,10.4,20.3,.510,0.9,2.5,.345,9.5,17.8,.533,.531,9.8,10.9,.905,0.9,4.0,4.8,5.5,1.6,1.0,2.8,2.8,31.4
Anthony Gill,PF,WAS,59,8,10.6,1.2,2.2,.538,0.1,0.5,.138,1.1,1.7,.650,.553,0.8,1.1,.731,0.6,1.1,1.7,0.6,0.1,0.2,0.3,1.2,3.3
Jacob Gilyard,PG,MEM,1,0,41.0,1.0,3.0,.333,1.0,3.0,.333,0.0,0.0,,.500,0.0,0.0,,0.0,4.0,4.0,7.0,3.0,0.0,2.0,3.0,3.0
Rudy Gobert,C,MIN,70,70,30.7,5.1,7.8,.659,0.0,0.0,.000,5.1,7.8,.663,.659,3.1,4.9,.644,3.3,8.3,11.6,1.2,0.8,1.4,1.7,3.0,13.4
Jordan Goodwin,PG,WAS,62,7,17.8,2.5,5.7,.448,0.6,1.9,.322,1.9,3.8,.511,.501,0.9,1.1,.768,0.9,2.4,3.3,2.7,0.9,0.4,0.9,1.5,6.6
Aaron Gordon,PF,DEN,68,68,30.2,6.3,11.2,.564,0.9,2.5,.347,5.4,8.6,.628,.603,2.8,4.6,.608,2.4,4.1,6.6,3.0,0.8,0.8,1.4,1.9,16.3
Eric Gordon,SG,TOT,69,58,28.5,4.2,9.5,.446,1.9,5.2,.371,2.3,4.3,.535,.547,2.1,2.5,.821,0.2,1.7,1.9,2.7,0.6,0.4,1.5,1.1,12.4
Eric Gordon,SG,HOU,47,47,30.2,4.5,10.2,.439,1.8,5.2,.347,2.7,5.0,.536,.528,2.3,2.9,.815,0.3,1.8,2.1,2.9,0.6,0.4,1.8,1.0,13.1
Eric Gordon,SG,LAC,22,11,24.9,3.7,8.0,.463,2.1,5.0,.423,1.5,2.9,.531,.597,1.5,1.7,.842,0.2,1.5,1.7,2.1,0.6,0.4,1.0,1.5,11.0
Devonte' Graham,PG,TOT,73,8,18.3,2.2,5.9,.374,1.6,4.6,.352,0.6,1.3,.452,.512,1.3,1.8,.748,0.3,1.4,1.7,2.7,0.6,0.2,0.7,1.1,7.4
Devonte' Graham,PG,NOP,53,0,15.3,1.6,4.4,.368,1.2,3.6,.347,0.4,0.8,.463,.511,0.8,1.1,.746,0.2,1.1,1.4,2.2,0.6,0.2,0.5,0.9,5.3
Devonte' Graham,PG,SAS,20,8,26.4,3.8,10.0,.380,2.7,7.4,.358,1.2,2.6,.442,.513,2.7,3.6,.750,0.4,2.2,2.5,4.0,0.8,0.3,1.3,1.6,13.0
Jerami Grant,PF,POR,63,63,35.7,6.9,14.5,.475,2.3,5.7,.401,4.6,8.8,.523,.554,4.4,5.4,.813,0.8,3.7,4.5,2.4,0.8,0.8,1.8,2.4,20.5
RaiQuan Gray,PF,BRK,1,0,35.0,6.0,12.0,.500,2.0,5.0,.400,4.0,7.0,.571,.583,2.0,2.0,1.000,3.0,6.0,9.0,7.0,0.0,1.0,4.0,5.0,16.0
AJ Green,SG,MIL,35,1,9.9,1.5,3.6,.424,1.3,3.0,.419,0.3,0.6,.450,.600,0.1,0.1,1.000,0.2,1.1,1.3,0.6,0.2,0.0,0.3,0.9,4.4
Danny Green,SG,TOT,11,0,12.5,2.0,4.5,.449,1.5,3.4,.432,0.5,1.1,.500,.612,0.1,0.1,1.000,0.3,1.0,1.3,0.5,0.5,0.3,0.9,1.5,5.5
Danny Green,SG,MEM,3,0,14.3,1.0,3.7,.273,1.0,2.7,.375,0.0,1.0,.000,.409,0.0,0.0,,0.3,1.0,1.3,0.7,0.3,0.0,1.0,2.0,3.0
Danny Green,SG,CLE,8,0,11.9,2.4,4.8,.500,1.6,3.6,.448,0.8,1.1,.667,.671,0.1,0.1,1.000,0.3,1.0,1.3,0.5,0.6,0.4,0.9,1.3,6.5
Draymond Green,PF,GSW,73,73,31.5,3.4,6.5,.527,0.5,1.8,.305,2.9,4.7,.612,.570,1.1,1.5,.713,0.9,6.3,7.2,6.8,1.0,0.8,2.8,3.1,8.5
Jalen Green,SG,HOU,76,76,34.2,7.4,17.9,.416,2.5,7.3,.338,5.0,10.6,.471,.485,4.8,6.1,.786,0.6,3.2,3.7,3.7,0.8,0.2,2.6,1.7,22.1
JaMychal Green,PF,GSW,57,1,14.0,2.4,4.4,.540,0.7,1.9,.378,1.6,2.5,.667,.623,0.9,1.2,.776,1.3,2.3,3.6,0.9,0.4,0.4,0.9,1.8,6.4
Javonte Green,SG,CHI,32,1,15.0,1.9,3.4,.565,0.4,1.1,.371,1.5,2.3,.658,.625,0.9,1.4,.667,0.8,1.9,2.8,0.7,0.8,0.7,0.6,1.6,5.2
Jeff Green,PF,DEN,56,4,19.5,2.9,5.9,.488,0.5,1.9,.288,2.3,4.0,.580,.534,1.6,2.1,.744,0.7,1.9,2.6,1.2,0.3,0.3,0.8,1.8,7.8
Josh Green,SG,DAL,60,21,25.7,3.4,6.4,.537,1.1,2.8,.402,2.3,3.6,.643,.626,1.1,1.6,.723,0.9,2.1,3.0,1.7,0.7,0.1,1.2,2.6,9.1
AJ Griffin,SF,ATL,72,12,19.5,3.4,7.4,.465,1.4,3.6,.390,2.0,3.8,.536,.560,0.6,0.7,.894,0.5,1.6,2.1,1.0,0.6,0.2,0.6,1.2,8.9
Blake Griffin,C,BOS,41,16,13.9,1.5,3.2,.485,0.6,1.6,.348,1.0,1.6,.625,.573,0.5,0.8,.656,1.1,2.6,3.8,1.5,0.3,0.2,0.5,1.8,4.1
Quentin Grimes,SG,NYK,71,66,29.9,4.0,8.5,.468,2.2,5.7,.386,1.8,2.7,.641,.599,1.1,1.4,.796,0.7,2.5,3.2,2.1,0.7,0.4,1.0,2.5,11.3
Rui Hachimura,PF,TOT,63,9,23.3,4.5,9.3,.486,0.8,2.5,.319,3.7,6.7,.550,.530,1.4,1.9,.739,0.8,3.7,4.5,0.9,0.3,0.4,0.8,1.1,11.2
Rui Hachimura,PF,WAS,30,0,24.3,5.3,10.8,.488,1.0,3.0,.337,4.3,7.8,.545,.534,1.5,1.9,.759,0.6,3.6,4.3,1.2,0.4,0.4,1.2,1.3,13.0
Rui Hachimura,PF,LAL,33,9,22.4,3.8,7.9,.485,0.6,2.2,.296,3.2,5.7,.556,.525,1.3,1.8,.721,1.0,3.7,4.7,0.7,0.2,0.4,0.5,1.0,9.6
Tyrese Haliburton,PG,IND,56,56,33.6,7.4,15.0,.490,2.9,7.2,.400,4.5,7.8,.572,.586,3.1,3.6,.871,0.6,3.1,3.7,10.4,1.6,0.4,2.5,1.2,20.7
Jordan Hall,SF,SAS,9,0,9.2,1.0,3.1,.321,0.3,1.7,.200,0.7,1.4,.462,.375,0.8,1.0,.778,0.3,1.0,1.3,1.2,0.1,0.0,0.8,0.7,3.1
R.J. Hampton,PG,TOT,47,3,16.0,2.2,5.0,.430,0.9,2.5,.353,1.3,2.6,.504,.517,1.2,1.6,.750,0.4,1.5,1.9,1.1,0.6,0.2,0.9,1.1,6.4
R.J. Hampton,PG,ORL,26,0,13.9,1.9,4.4,.439,0.7,2.0,.340,1.2,2.3,.525,.518,1.2,1.4,.838,0.3,1.2,1.5,1.3,0.6,0.2,0.8,0.8,5.7
R.J. Hampton,PG,DET,21,3,18.5,2.5,5.9,.423,1.1,3.0,.365,1.4,2.9,.483,.516,1.2,1.9,.667,0.4,1.9,2.3,1.0,0.5,0.2,1.0,1.4,7.3
Tim Hardaway Jr.,SG,DAL,71,45,30.3,4.8,11.9,.401,3.0,7.7,.385,1.8,4.2,.431,.527,1.8,2.3,.770,0.3,3.2,3.5,1.8,0.7,0.2,0.8,1.7,14.4
James Harden,PG,PHI,58,58,36.8,6.4,14.5,.441,2.8,7.2,.385,3.6,7.3,.495,.536,5.4,6.2,.867,0.7,5.4,6.1,10.7,1.2,0.5,3.4,1.9,21.0
Jaden Hardy,SG,DAL,48,5,14.8,3.0,6.9,.438,1.3,3.3,.404,1.7,3.7,.469,.533,1.4,1.6,.823,0.2,1.6,1.9,1.4,0.4,0.1,1.0,1.3,8.8
Ron Harper Jr.,SF,TOR,9,0,5.3,0.9,1.8,.500,0.3,1.0,.333,0.6,0.8,.714,.594,0.1,0.1,1.000,0.3,0.4,0.8,0.4,0.0,0.1,0.0,0.3,2.2
Montrezl Harrell,C,PHI,57,7,11.9,2.2,3.7,.598,0.0,0.1,.000,2.2,3.6,.616,.598,1.2,1.8,.693,1.2,1.6,2.8,0.6,0.3,0.4,0.6,1.3,5.6
Gary Harris,SG,ORL,48,42,24.7,2.9,6.4,.450,2.0,4.5,.431,0.9,1.9,.494,.603,0.6,0.6,.900,0.4,1.6,2.0,1.2,0.9,0.3,0.6,1.9,8.3
Joe Harris,SG,BRK,74,33,20.6,2.7,5.9,.457,1.9,4.5,.426,0.8,1.4,.551,.618,0.2,0.4,.643,0.3,1.9,2.2,1.4,0.5,0.2,0.6,1.9,7.6
Kevon Harris,SG,ORL,34,0,13.4,1.4,3.1,.439,0.5,1.3,.372,0.9,1.9,.484,.514,0.9,1.2,.756,0.8,1.2,2.1,0.5,0.5,0.1,0.6,1.6,4.1
Tobias Harris,PF,PHI,74,74,32.9,5.7,11.4,.501,1.7,4.4,.389,4.0,7.0,.570,.575,1.5,1.7,.876,0.9,4.8,5.7,2.5,0.9,0.5,1.2,2.0,14.7
Shaquille Harrison,SG,POR,5,0,24.0,3.0,7.2,.417,0.6,2.0,.300,2.4,5.2,.462,.458,2.2,3.0,.733,0.2,4.2,4.4,6.0,2.2,0.4,1.2,2.4,8.8
Josh Hart,SF-SG,TOT,76,52,32.3,3.6,6.8,.529,0.8,2.2,.372,2.8,4.7,.601,.588,1.7,2.3,.750,1.9,5.9,7.8,3.8,1.2,0.3,1.5,2.6,9.8
Josh Hart,SF,POR,51,51,33.4,3.6,7.1,.504,0.7,2.2,.304,2.9,4.9,.594,.551,1.7,2.3,.731,1.9,6.3,8.2,3.9,1.1,0.2,1.5,2.6,9.5
Josh Hart,SG,NYK,25,1,30.0,3.7,6.3,.586,1.1,2.1,.519,2.6,4.2,.619,.672,1.8,2.3,.789,1.9,5.2,7.0,3.6,1.4,0.5,1.5,2.5,10.2
Isaiah Hartenstein,C,NYK,82,8,19.8,2.1,4.0,.535,0.1,0.5,.216,2.0,3.5,.576,.547,0.6,0.9,.676,2.5,4.0,6.5,1.2,0.6,0.8,0.8,2.6,5.0
Udonis Haslem,C,MIA,7,1,10.1,1.4,4.1,.345,0.4,1.3,.333,1.0,2.9,.350,.397,0.6,0.7,.800,0.6,1.0,1.6,0.0,0.1,0.3,0.1,1.6,3.9
Sam Hauser,PF,BOS,80,8,16.1,2.3,5.0,.455,1.8,4.2,.418,0.5,0.8,.656,.631,0.2,0.2,.706,0.4,2.1,2.6,0.9,0.4,0.3,0.4,1.2,6.4
Jaxson Hayes,C,NOP,47,2,13.0,1.8,3.3,.551,0.1,0.6,.103,1.8,2.7,.654,.561,1.2,1.8,.699,0.8,2.0,2.8,0.7,0.4,0.4,0.7,1.4,5.0
Killian Hayes,PG,DET,76,56,28.3,4.0,10.7,.377,1.1,3.8,.280,3.0,7.0,.429,.426,1.2,1.5,.821,0.4,2.5,2.9,6.2,1.4,0.4,2.3,2.9,10.3
Gordon Hayward,SF,CHO,50,50,31.5,5.5,11.6,.475,1.0,3.2,.325,4.5,8.4,.532,.520,2.6,3.2,.811,0.7,3.6,4.3,4.1,0.8,0.2,2.0,1.4,14.7
Juancho Hernangomez,PF,TOR,42,10,14.6,1.1,2.7,.421,0.4,1.6,.254,0.7,1.1,.660,.496,0.2,0.4,.563,0.6,2.3,2.9,0.6,0.4,0.1,0.4,1.0,2.9
Willy Hernangomez,C,NOP,38,2,12.1,2.3,4.4,.527,0.1,0.3,.273,2.3,4.2,.544,.536,2.1,2.7,.779,1.5,3.2,4.7,0.9,0.4,0.3,1.0,1.7,6.9
Tyler Herro,SG,MIA,67,67,34.9,7.3,16.6,.439,3.0,8.0,.378,4.2,8.5,.497,.531,2.5,2.7,.934,0.4,5.0,5.4,4.2,0.8,0.2,2.4,1.5,20.1
Buddy Hield,SF,IND,80,73,31.0,5.9,13.0,.458,3.6,8.5,.425,2.3,4.5,.518,.596,1.3,1.6,.822,0.8,4.2,5.0,2.8,1.2,0.3,1.7,2.0,16.8
Haywood Highsmith,SF,MIA,54,11,17.9,1.7,4.0,.431,0.7,2.0,.339,1.0,2.0,.523,.516,0.2,0.5,.464,1.1,2.4,3.5,0.8,0.7,0.3,0.8,1.5,4.4
George Hill,PG,TOT,46,1,18.1,1.7,3.6,.470,0.7,2.1,.358,1.0,1.5,.620,.572,0.9,1.2,.764,0.3,1.5,1.8,2.4,0.6,0.1,0.7,1.2,5.0
George Hill,PG,MIL,35,0,19.1,1.7,3.8,.447,0.7,2.1,.311,1.0,1.7,.621,.534,1.0,1.3,.739,0.4,1.5,1.9,2.5,0.5,0.1,0.8,1.2,5.0
George Hill,PG,IND,11,1,15.1,1.7,3.1,.559,1.0,1.9,.524,0.7,1.2,.615,.721,0.7,0.8,.889,0.2,1.5,1.6,1.9,0.6,0.3,0.6,1.3,5.2
Malcolm Hill,SF,CHI,5,0,1.8,0.4,0.8,.500,0.2,0.6,.333,0.2,0.2,1.000,.625,0.0,0.0,,0.0,0.6,0.6,0.0,0.0,0.0,0.0,0.2,1.0
Aaron Holiday,PG,ATL,63,6,13.4,1.5,3.5,.418,0.6,1.4,.409,0.9,2.1,.424,.500,0.4,0.5,.844,0.4,0.8,1.2,1.4,0.6,0.2,0.6,1.3,3.9
Jrue Holiday,PG,MIL,67,65,32.6,7.3,15.3,.479,2.4,6.1,.384,5.0,9.1,.542,.556,2.3,2.6,.859,1.2,3.9,5.1,7.4,1.2,0.4,2.9,1.7,19.3
Justin Holiday,SG,TOT,46,2,15.3,1.7,4.4,.377,1.0,3.1,.322,0.7,1.3,.508,.490,0.1,0.2,.625,0.1,1.1,1.2,0.9,0.4,0.4,0.5,1.5,4.5
Justin Holiday,SG,ATL,28,0,14.7,1.7,4.5,.384,1.1,3.1,.345,0.6,1.4,.474,.504,0.0,0.0,,0.1,0.8,0.8,0.9,0.2,0.4,0.4,1.3,4.5
Justin Holiday,SG,DAL,18,2,16.4,1.6,4.4,.367,0.9,3.1,.286,0.7,1.3,.565,.468,0.3,0.4,.625,0.2,1.6,1.8,0.9,0.8,0.5,0.6,1.7,4.4
Richaun Holmes,C,SAC,42,1,8.3,1.3,2.1,.618,0.1,0.2,.625,1.2,1.9,.617,.646,0.4,0.5,.789,0.7,1.2,1.9,0.2,0.1,0.3,0.3,1.2,3.1
Al Horford,C,BOS,63,63,30.5,3.6,7.6,.476,2.3,5.2,.446,1.3,2.4,.539,.627,0.2,0.3,.714,1.2,5.0,6.2,3.0,0.5,1.0,0.6,1.9,9.8
Talen Horton-Tucker,SG,UTA,65,20,20.2,4.0,9.4,.419,0.9,3.1,.286,3.1,6.3,.485,.467,1.9,2.6,.750,0.6,2.6,3.2,3.8,0.6,0.4,1.9,1.7,10.7
Danuel House Jr.,SF,PHI,56,5,14.4,1.7,3.5,.472,0.7,2.0,.336,1.0,1.6,.644,.566,0.8,1.1,.750,0.2,1.5,1.7,0.8,0.3,0.2,0.5,1.2,4.8
Caleb Houstan,SF,ORL,51,4,15.9,1.3,3.6,.363,0.9,2.7,.338,0.4,0.9,.435,.489,0.3,0.4,.833,0.7,1.3,1.9,0.6,0.2,0.1,0.4,1.2,3.8
Trevor Hudgins,PG,HOU,5,0,5.6,0.4,1.8,.222,0.4,1.6,.250,0.0,0.2,.000,.333,0.6,0.6,1.000,0.0,0.0,0.0,0.6,0.0,0.0,0.2,0.2,1.8
Kevin Huerter,SG,SAC,75,75,29.4,5.6,11.5,.485,2.7,6.8,.402,2.9,4.7,.604,.603,1.3,1.7,.725,0.6,2.8,3.3,2.9,1.1,0.3,1.3,2.4,15.2
Jay Huff,C,WAS,7,0,13.6,2.1,3.6,.600,0.9,1.7,.500,1.3,1.9,.692,.720,2.1,2.3,.938,0.9,2.1,3.0,1.4,0.4,0.6,0.7,2.1,7.3
De'Andre Hunter,SF,ATL,67,67,31.7,5.7,12.3,.461,1.5,4.3,.350,4.2,8.0,.521,.522,2.6,3.1,.826,0.7,3.6,4.2,1.4,0.5,0.3,1.2,3.0,15.4
Bones Hyland,PG,TOT,56,1,19.4,4.1,10.2,.399,2.1,5.6,.371,2.0,4.6,.434,.502,1.5,1.8,.843,0.4,2.1,2.4,3.1,0.7,0.3,1.5,1.7,11.8
Bones Hyland,PG,DEN,42,1,19.5,4.1,10.3,.399,2.2,5.7,.378,2.0,4.6,.425,.503,1.7,2.0,.866,0.2,1.8,2.0,3.0,0.7,0.3,1.6,1.6,12.1
Bones Hyland,PG,LAC,14,0,18.9,3.9,9.8,.401,1.9,5.3,.351,2.1,4.5,.460,.496,1.1,1.4,.750,0.7,2.8,3.5,3.4,0.8,0.1,1.1,2.1,10.8
Serge Ibaka,C,MIL,16,0,11.6,1.6,3.4,.481,0.4,1.1,.333,1.3,2.3,.556,.537,0.5,0.8,.615,0.9,1.8,2.8,0.3,0.1,0.4,0.7,1.4,4.1
Andre Iguodala,SF,GSW,8,0,14.1,0.9,1.9,.467,0.1,1.1,.111,0.8,0.8,1.000,.500,0.3,0.4,.667,0.4,1.8,2.1,2.4,0.5,0.4,1.1,1.4,2.1
Joe Ingles,SF,MIL,46,0,22.7,2.3,5.4,.435,1.8,4.4,.409,0.5,1.0,.556,.603,0.4,0.5,.857,0.3,2.5,2.8,3.3,0.7,0.1,1.2,1.6,6.9
Brandon Ingram,SF,NOP,45,45,34.2,9.0,18.6,.484,1.4,3.6,.390,7.6,14.9,.507,.522,5.3,6.0,.882,0.5,5.0,5.5,5.8,0.7,0.4,3.3,2.6,24.7
Kyrie Irving,PG,TOT,60,60,37.4,9.9,20.1,.494,3.1,8.3,.379,6.8,11.8,.574,.572,4.1,4.6,.905,1.0,4.1,5.1,5.5,1.1,0.8,2.1,2.8,27.1
Kyrie Irving,PG,BRK,40,40,37.0,10.0,20.5,.486,3.3,8.7,.374,6.7,11.8,.569,.565,4.0,4.5,.883,1.0,4.2,5.1,5.3,1.0,0.8,2.3,2.7,27.1
Kyrie Irving,PG,DAL,20,20,38.2,9.8,19.2,.510,2.9,7.4,.392,6.9,11.8,.585,.586,4.5,4.7,.947,1.1,4.0,5.0,6.0,1.3,0.6,1.9,2.8,27.0
Jonathan Isaac,PF,ORL,11,0,11.3,2.0,4.8,.415,0.5,1.4,.400,1.5,3.5,.421,.472,0.5,0.8,.556,1.4,2.6,4.0,0.5,1.3,0.4,0.4,0.5,5.0
Jaden Ivey,SG,DET,74,73,31.1,5.5,13.3,.416,1.6,4.7,.343,3.9,8.6,.457,.477,3.6,4.8,.747,1.0,2.9,3.9,5.2,0.8,0.2,3.2,3.3,16.3
Frank Jackson,PG,UTA,1,0,5.0,0.0,3.0,.000,0.0,1.0,.000,0.0,2.0,.000,.000,0.0,0.0,,1.0,1.0,2.0,1.0,0.0,0.0,0.0,0.0,0.0
Isaiah Jackson,C,IND,63,12,16.5,2.8,5.0,.563,0.0,0.2,.143,2.8,4.8,.582,.566,1.5,2.3,.651,1.8,2.7,4.5,0.8,0.5,1.5,0.8,2.4,7.2
Jaren Jackson Jr.,C,MEM,63,63,28.4,6.6,13.0,.506,1.6,4.5,.355,5.0,8.6,.585,.567,3.8,4.9,.788,1.7,5.0,6.8,1.0,1.0,3.0,1.7,3.6,18.6
Justin Jackson,SF,BOS,23,0,4.7,0.3,1.2,.259,0.2,0.9,.250,0.1,0.3,.286,.352,0.0,0.1,.500,0.1,0.7,0.7,0.4,0.2,0.2,0.1,0.3,0.9
Quenton Jackson,PG,WAS,9,0,15.0,2.1,4.7,.452,0.1,1.3,.083,2.0,3.3,.600,.464,1.9,2.4,.773,0.2,0.7,0.9,1.7,0.4,0.1,0.4,1.1,6.2
Reggie Jackson,PG,TOT,68,40,24.4,3.9,9.4,.411,1.4,4.2,.333,2.5,5.2,.474,.486,1.0,1.1,.910,0.4,1.8,2.1,3.4,0.7,0.1,1.7,1.7,10.2
Reggie Jackson,PG,LAC,52,38,25.7,4.1,9.8,.418,1.5,4.2,.350,2.6,5.6,.469,.493,1.2,1.3,.924,0.4,1.8,2.2,3.5,0.7,0.1,1.8,1.8,10.9
Reggie Jackson,PG,DEN,16,2,19.9,3.1,8.0,.383,1.2,4.3,.279,1.9,3.8,.500,.457,0.6,0.8,.833,0.2,1.6,1.8,3.1,0.6,0.1,1.2,1.4,7.9
LeBron James,PF,LAL,55,54,35.5,11.1,22.2,.500,2.2,6.9,.321,8.9,15.3,.580,.549,4.6,5.9,.768,1.2,7.1,8.3,6.8,0.9,0.6,3.2,1.6,28.9
Ty Jerome,SG,GSW,45,2,18.1,2.6,5.4,.488,0.8,2.0,.389,1.8,3.4,.546,.560,0.8,0.9,.927,0.2,1.6,1.7,3.0,0.5,0.1,0.7,1.4,6.9
Isaiah Joe,SG,OKC,73,10,19.1,3.1,7.0,.441,2.2,5.4,.409,0.9,1.6,.553,.599,1.1,1.4,.820,0.4,2.0,2.4,1.2,0.7,0.1,0.5,1.4,9.5
Alize Johnson,PF,SAS,4,0,7.5,0.8,1.5,.500,0.0,0.5,.000,0.8,1.0,.750,.500,0.3,0.5,.500,0.5,2.0,2.5,0.3,0.3,0.0,1.0,0.8,1.8
Cameron Johnson,PF,TOT,42,41,28.5,5.3,11.3,.470,2.5,6.1,.404,2.9,5.2,.548,.579,2.4,2.9,.842,0.8,3.6,4.4,1.9,1.2,0.3,0.9,2.0,15.5
Cameron Johnson,PF,PHO,17,16,25.2,4.8,10.2,.474,2.6,5.8,.455,2.2,4.4,.500,.604,1.6,1.9,.818,0.8,3.0,3.8,1.5,0.9,0.4,0.6,1.7,13.9
Cameron Johnson,PF,BRK,25,25,30.8,5.6,12.0,.468,2.3,6.2,.372,3.3,5.8,.572,.565,3.0,3.5,.851,0.8,4.0,4.8,2.1,1.4,0.3,1.1,2.2,16.6
Jalen Johnson,SF,ATL,70,6,14.9,2.3,4.6,.491,0.4,1.5,.288,1.8,3.1,.587,.537,0.7,1.1,.628,0.7,3.3,4.0,1.2,0.5,0.5,0.6,1.6,5.6
James Johnson,PF,IND,18,1,9.0,1.2,2.7,.449,0.2,0.8,.200,1.1,1.9,.559,.480,0.2,0.4,.500,0.2,1.4,1.7,0.8,0.4,0.3,0.4,1.8,2.8
Keldon Johnson,SF,SAS,63,63,32.7,8.0,17.7,.452,2.1,6.5,.329,5.9,11.2,.523,.512,3.9,5.2,.749,0.9,4.2,5.0,2.9,0.7,0.2,2.1,2.0,22.0
Keon Johnson,SG,POR,40,0,10.4,1.7,4.5,.376,0.7,2.0,.346,1.0,2.4,.402,.455,0.7,1.0,.659,0.3,0.8,1.1,1.5,0.5,0.2,1.1,1.1,4.7
Stanley Johnson,SF,SAS,30,0,15.6,2.2,4.1,.533,0.6,1.3,.450,1.6,2.7,.573,.607,0.9,1.3,.667,0.7,2.4,3.2,2.2,0.5,0.2,1.1,1.6,5.8
Nikola Jokic,C,DEN,69,69,33.7,9.4,14.8,.632,0.8,2.2,.383,8.5,12.7,.675,.660,4.9,6.0,.822,2.4,9.4,11.8,9.8,1.3,0.7,3.6,2.5,24.5
Carlik Jones,PG,CHI,7,0,8.0,0.9,2.1,.400,0.4,0.9,.500,0.4,1.3,.333,.500,0.7,1.1,.625,0.1,0.6,0.7,0.9,0.3,0.0,0.3,0.3,2.9
Damian Jones,C,TOT,41,1,11.6,1.3,2.1,.640,0.2,0.4,.588,1.1,1.7,.652,.698,0.5,0.7,.759,1.0,2.0,3.0,0.4,0.2,0.5,0.6,1.3,3.5
Damian Jones,C,LAL,22,1,8.0,0.9,1.7,.541,0.0,0.1,.000,0.9,1.5,.588,.541,0.7,0.9,.750,0.8,1.7,2.5,0.2,0.1,0.5,0.4,0.8,2.5
Damian Jones,C,UTA,19,0,15.8,1.8,2.6,.714,0.5,0.7,.714,1.3,1.8,.714,.816,0.4,0.5,.778,1.3,2.3,3.5,0.6,0.3,0.5,0.7,2.0,4.6
Derrick Jones Jr.,SF,CHI,64,0,14.0,1.8,3.6,.500,0.4,1.3,.338,1.4,2.3,.587,.559,1.0,1.3,.738,0.9,1.5,2.4,0.5,0.5,0.6,0.4,1.3,5.0
Herbert Jones,SF,NOP,66,66,29.6,3.6,7.6,.469,0.8,2.5,.335,2.7,5.1,.536,.525,1.9,2.4,.764,1.5,2.6,4.1,2.5,1.6,0.6,1.3,3.2,9.8
Kai Jones,C,CHO,46,0,12.0,1.5,2.6,.558,0.1,0.4,.211,1.4,2.2,.624,.575,0.4,0.6,.731,0.8,1.9,2.7,0.3,0.4,0.7,0.7,1.4,3.4
Tre Jones,PG,SAS,68,65,29.2,5.0,10.9,.459,0.7,2.3,.285,4.4,8.6,.506,.489,2.2,2.5,.860,0.8,2.8,3.6,6.6,1.3,0.1,1.6,1.4,12.9
Tyus Jones,PG,MEM,80,22,24.3,3.9,8.9,.438,1.5,4.1,.371,2.4,4.8,.495,.523,1.0,1.3,.800,0.4,2.2,2.5,5.2,1.0,0.1,0.9,0.4,10.3
DeAndre Jordan,C,DEN,39,8,15.0,2.3,2.9,.765,0.0,0.0,1.000,2.2,2.9,.763,.770,0.6,1.2,.458,1.3,3.8,5.2,0.9,0.3,0.6,1.2,1.8,5.1
Cory Joseph,PG,DET,62,2,19.8,2.4,5.7,.427,1.1,2.9,.389,1.3,2.8,.468,.527,0.9,1.2,.792,0.3,1.4,1.7,3.5,0.5,0.1,0.9,1.4,6.9
Nikola Jovic,PF,MIA,15,8,13.6,1.9,4.6,.406,0.5,2.3,.229,1.3,2.3,.588,.464,1.2,1.3,.947,0.6,1.5,2.1,0.7,0.5,0.1,0.7,1.3,5.5
Johnny Juzang,SF,UTA,18,0,12.9,1.9,5.8,.337,0.8,3.5,.238,1.1,2.3,.488,.409,0.1,0.2,.500,0.4,1.7,2.2,0.4,0.2,0.2,0.2,0.7,4.8
Mfiondu Kabengele,PF,BOS,4,0,9.0,0.5,1.8,.286,0.0,0.8,.000,0.5,1.0,.500,.286,0.5,0.5,1.000,1.3,1.3,2.5,0.0,0.5,0.0,0.3,0.8,1.5
Frank Kaminsky,C,TOT,36,0,6.5,0.9,1.8,.492,0.4,0.9,.394,0.5,0.8,.600,.595,0.4,0.4,.875,0.2,1.3,1.4,0.9,0.2,0.1,0.3,0.6,2.5
Frank Kaminsky,C,ATL,26,0,6.8,1.0,1.7,.568,0.4,0.9,.478,0.5,0.8,.667,.693,0.4,0.5,.833,0.1,1.3,1.4,0.8,0.2,0.0,0.3,0.8,2.7
Frank Kaminsky,C,HOU,10,0,5.9,0.6,1.9,.316,0.2,1.0,.200,0.4,0.9,.444,.368,0.4,0.4,1.000,0.4,1.2,1.6,1.1,0.1,0.3,0.0,0.1,1.8
Trevor Keels,SG,NYK,3,0,2.7,0.3,1.3,.250,0.3,1.3,.250,0.0,0.0,,.375,0.0,0.0,,0.0,0.7,0.7,0.0,0.0,0.0,0.0,0.0,1.0
Luke Kennard,SG,TOT,59,14,22.3,3.2,6.5,.492,2.3,4.6,.494,0.9,1.9,.487,.666,0.6,0.7,.949,0.3,2.4,2.7,1.5,0.5,0.1,0.8,1.4,9.3
Luke Kennard,SG,LAC,35,11,20.7,2.8,6.0,.464,1.7,3.8,.447,1.1,2.3,.494,.604,0.5,0.6,.950,0.2,2.2,2.4,1.1,0.5,0.1,0.9,1.3,7.8
Luke Kennard,SG,MEM,24,3,24.6,3.8,7.1,.526,3.1,5.7,.540,0.7,1.4,.471,.743,0.8,0.8,.947,0.4,2.8,3.1,2.3,0.5,0.0,0.7,1.5,11.3
Walker Kessler,C,UTA,74,40,23.0,4.0,5.6,.720,0.0,0.0,.333,4.0,5.6,.723,.721,1.1,2.1,.516,3.1,5.3,8.4,0.9,0.4,2.3,0.8,2.3,9.2
Braxton Key,SF,DET,3,0,3.0,0.3,0.3,1.000,0.0,0.0,,0.3,0.3,1.000,1.000,0.7,0.7,1.000,0.0,0.3,0.3,0.0,0.0,0.0,0.0,0.0,1.3
Louis King,SF,PHI,1,0,29.0,8.0,13.0,.615,4.0,8.0,.500,4.0,5.0,.800,.769,0.0,1.0,.000,2.0,2.0,4.0,2.0,1.0,0.0,2.0,4.0,20.0
Corey Kispert,SF,WAS,74,45,28.3,3.9,7.9,.497,2.2,5.2,.424,1.7,2.7,.637,.637,1.0,1.2,.852,0.4,2.4,2.8,1.2,0.4,0.1,0.7,1.3,11.1
Maxi Kleber,C,DAL,37,5,25.1,2.1,4.6,.456,1.1,3.0,.348,1.0,1.5,.667,.571,0.7,1.0,.711,0.8,2.8,3.6,1.4,0.3,0.8,0.7,2.3,5.9
Nathan Knight,PF,MIN,38,0,7.7,1.2,2.1,.568,0.2,0.6,.364,1.0,1.6,.644,.617,1.0,1.5,.684,0.6,0.9,1.5,0.3,0.3,0.2,0.6,1.1,3.7
Kevin Knox II,PF-SF,TOT,63,5,15.1,2.4,5.3,.458,1.0,3.0,.349,1.4,2.3,.596,.556,0.7,1.0,.767,0.5,2.3,2.8,0.5,0.4,0.2,0.8,1.5,6.6
Kevin Knox II,PF,DET,42,1,14.1,2.0,4.3,.469,1.0,2.8,.371,1.0,1.5,.651,.589,0.6,0.8,.788,0.5,2.1,2.6,0.4,0.3,0.3,0.8,1.8,5.6
Kevin Knox II,SF,POR,21,4,17.1,3.2,7.3,.444,1.0,3.3,.314,2.2,4.0,.554,.516,1.0,1.3,.741,0.7,2.6,3.3,0.9,0.5,0.0,0.9,1.0,8.5
Christian Koloko,C,TOR,58,19,13.8,1.2,2.6,.480,0.0,0.2,.083,1.2,2.4,.514,.483,0.6,1.0,.627,1.4,1.5,2.9,0.5,0.4,1.0,0.3,2.2,3.1
John Konchar,SG,MEM,72,23,20.8,1.9,4.4,.431,0.8,2.5,.339,1.1,2.0,.545,.525,0.4,0.5,.778,0.9,3.4,4.3,1.4,1.1,0.3,0.5,1.6,5.1
Furkan Korkmaz,SG,PHI,37,0,9.5,1.3,3.0,.432,0.5,1.2,.391,0.8,1.8,.462,.514,0.7,1.0,.722,0.2,1.0,1.1,0.6,0.3,0.1,0.6,0.5,3.8
Luke Kornet,C,BOS,69,0,11.7,1.6,2.5,.665,0.0,0.2,.231,1.6,2.3,.701,.674,0.5,0.6,.821,1.2,1.6,2.9,0.8,0.2,0.7,0.4,1.2,3.8
Vit Krejci,PG,ATL,29,0,5.7,0.5,1.3,.405,0.2,0.7,.238,0.3,0.6,.625,.473,0.0,0.1,.500,0.2,0.7,0.9,0.6,0.2,0.0,0.2,0.6,1.2
Jonathan Kuminga,PF,GSW,67,16,20.8,3.9,7.4,.525,0.8,2.2,.370,3.1,5.2,.590,.579,1.3,2.1,.652,1.0,2.4,3.4,1.9,0.6,0.5,1.4,2.3,9.9
Kyle Kuzma,PF,WAS,64,64,35.0,8.0,17.8,.448,2.5,7.5,.333,5.5,10.3,.533,.518,2.7,3.7,.730,0.9,6.4,7.2,3.7,0.6,0.5,3.0,2.3,21.2
Anthony Lamb,SF,GSW,62,4,19.3,2.4,5.1,.471,1.2,3.2,.367,1.2,1.9,.652,.588,0.7,1.0,.767,0.9,2.6,3.5,1.5,0.5,0.3,0.9,2.2,6.7
Jock Landale,C,PHO,69,4,14.2,2.6,4.9,.528,0.3,1.2,.250,2.3,3.7,.621,.559,1.1,1.5,.752,1.7,2.3,4.1,1.0,0.2,0.4,0.9,1.8,6.6
Romeo Langford,SG,SAS,43,21,19.6,2.8,6.0,.467,0.4,1.4,.262,2.4,4.6,.530,.498,0.9,1.3,.696,1.3,1.3,2.7,1.2,0.6,0.3,0.7,1.6,6.9
Jake LaRavia,PF,MEM,35,0,11.8,1.1,2.7,.389,0.7,2.0,.338,0.4,0.7,.542,.516,0.2,0.3,.778,0.5,1.3,1.8,0.6,0.3,0.1,0.5,1.4,3.0
Zach LaVine,SG,CHI,77,77,35.9,8.7,18.0,.485,2.6,7.1,.375,6.1,11.0,.556,.558,4.7,5.6,.848,0.5,3.9,4.5,4.2,0.9,0.2,2.5,2.1,24.8
A.J. Lawson,SG,TOT,15,0,7.2,1.5,2.9,.500,0.7,1.7,.400,0.8,1.3,.632,.614,0.1,0.5,.250,0.4,1.0,1.4,0.1,0.1,0.0,0.2,0.7,3.7
A.J. Lawson,SG,MIN,1,0,2.0,1.0,1.0,1.000,0.0,0.0,,1.0,1.0,1.000,1.000,0.0,0.0,,0.0,1.0,1.0,0.0,0.0,0.0,0.0,1.0,2.0
A.J. Lawson,SG,DAL,14,0,7.6,1.5,3.1,.488,0.7,1.8,.400,0.8,1.3,.611,.605,0.1,0.6,.250,0.4,1.0,1.4,0.1,0.1,0.0,0.2,0.7,3.9
Damion Lee,SG,PHO,74,5,20.4,2.7,6.1,.442,1.5,3.3,.445,1.2,2.8,.439,.564,1.3,1.4,.904,0.5,2.5,3.0,1.3,0.4,0.1,1.1,1.6,8.2
Saben Lee,PG,TOT,25,1,14.9,2.0,4.8,.405,0.4,1.2,.367,1.5,3.6,.418,.450,1.7,2.3,.737,0.5,1.3,1.8,2.7,0.8,0.0,1.0,1.3,6.0
Saben Lee,PG,PHI,2,0,5.0,1.5,2.0,.750,0.0,0.5,.000,1.5,1.5,1.000,.750,0.0,0.0,,0.0,0.0,0.0,1.0,0.5,0.0,1.5,0.5,3.0
Saben Lee,PG,PHO,23,1,15.8,2.0,5.1,.393,0.5,1.3,.379,1.5,3.8,.398,.440,1.8,2.5,.737,0.6,1.4,2.0,2.8,0.8,0.0,0.9,1.3,6.3
Alex Len,C,SAC,26,2,6.2,0.6,1.2,.533,0.0,0.1,.000,0.6,1.1,.571,.533,0.4,0.6,.688,0.9,1.4,2.3,0.5,0.2,0.4,0.6,1.1,1.7
Kawhi Leonard,SF,LAC,52,50,33.6,8.6,16.8,.512,2.0,4.8,.416,6.6,11.9,.551,.572,4.7,5.4,.871,1.1,5.4,6.5,3.9,1.4,0.5,1.7,1.6,23.8
Meyers Leonard,C,MIL,9,2,12.7,1.6,3.2,.483,0.8,2.0,.389,0.8,1.2,.636,.603,0.9,1.0,.889,1.3,2.4,3.8,0.1,0.2,0.0,0.7,1.8,4.8
Caris LeVert,SG,CLE,74,30,30.2,4.3,10.0,.431,1.7,4.4,.392,2.6,5.6,.462,.517,1.8,2.4,.722,0.7,3.1,3.8,3.9,1.0,0.3,1.6,2.3,12.1
Kira Lewis Jr.,PG,NOP,25,0,9.4,1.6,3.5,.455,0.6,1.4,.441,1.0,2.2,.463,.540,0.8,0.9,.864,0.2,1.1,1.3,0.9,0.4,0.1,0.4,1.0,4.6
Damian Lillard,PG,POR,58,58,36.3,9.6,20.7,.463,4.2,11.3,.371,5.4,9.4,.574,.564,8.8,9.6,.914,0.8,4.0,4.8,7.3,0.9,0.3,3.3,1.9,32.2
Nassir Little,SF,POR,54,4,18.1,2.5,5.6,.442,1.1,2.9,.367,1.4,2.7,.524,.538,0.6,0.9,.717,0.5,2.1,2.6,0.9,0.4,0.4,0.7,1.2,6.6
Isaiah Livers,PF,DET,52,22,23.1,2.3,5.5,.417,1.4,3.9,.365,0.9,1.6,.541,.545,0.6,0.8,.821,0.5,2.2,2.8,0.8,0.5,0.5,0.6,2.0,6.7
Kenneth Lofton Jr.,PF,MEM,24,1,7.3,2.0,3.9,.527,0.3,0.7,.353,1.8,3.2,.566,.559,0.7,1.1,.593,0.8,1.3,2.1,0.8,0.2,0.1,0.5,1.2,5.0
Kevon Looney,C,GSW,82,70,23.9,3.0,4.7,.630,0.0,0.0,.000,3.0,4.7,.632,.630,1.1,1.9,.606,3.3,5.9,9.3,2.5,0.6,0.6,0.5,2.7,7.0
Brook Lopez,C,MIL,78,78,30.4,6.1,11.5,.531,1.7,4.7,.374,4.4,6.9,.637,.606,1.9,2.4,.784,2.0,4.7,6.7,1.3,0.5,2.5,1.4,2.6,15.9
Robin Lopez,C,CLE,37,2,8.1,1.3,2.0,.640,0.1,0.1,.500,1.2,1.9,.648,.653,0.4,0.5,.778,0.6,0.8,1.4,0.5,0.1,0.2,0.7,1.2,3.0
Kevin Love,PF,TOT,62,20,20.0,2.7,6.8,.389,1.6,4.8,.334,1.1,2.1,.516,.506,1.3,1.5,.879,1.0,5.5,6.4,1.9,0.3,0.2,1.1,1.6,8.2
Kevin Love,PF,CLE,41,3,20.0,2.7,7.0,.389,1.7,4.8,.354,1.0,2.2,.467,.511,1.4,1.5,.889,1.0,5.8,6.8,1.9,0.2,0.2,1.1,1.6,8.5
Kevin Love,PF,MIA,21,17,20.0,2.6,6.6,.388,1.4,4.8,.297,1.1,1.8,.632,.496,1.1,1.3,.857,0.8,4.9,5.7,1.9,0.4,0.2,1.1,1.5,7.7
Kyle Lowry,PG,MIA,55,44,31.2,3.6,8.8,.404,1.9,5.6,.345,1.6,3.2,.509,.514,2.1,2.5,.859,0.8,3.3,4.1,5.1,1.0,0.4,1.9,2.6,11.2
Trey Lyles,PF,SAC,74,0,16.9,2.5,5.5,.458,1.2,3.2,.363,1.4,2.3,.595,.565,1.4,1.7,.815,0.9,3.1,4.1,0.9,0.4,0.4,0.9,1.3,7.6
Theo Maledon,PG,CHO,44,7,19.4,2.3,5.8,.402,0.6,2.2,.295,1.7,3.6,.465,.457,1.4,1.7,.851,0.3,2.5,2.8,3.5,0.8,0.3,1.3,1.4,6.7
Sandro Mamukelashvili,C,TOT,43,7,15.3,2.3,5.3,.422,0.7,2.3,.303,1.6,3.0,.511,.487,0.9,1.3,.684,1.6,2.7,4.3,1.4,0.3,0.3,0.8,1.2,6.1
Sandro Mamukelashvili,C,MIL,24,0,9.0,0.8,2.4,.328,0.3,1.3,.219,0.5,1.1,.462,.388,0.5,0.8,.667,0.8,1.6,2.3,0.7,0.2,0.2,0.4,0.8,2.4
Sandro Mamukelashvili,C,SAS,19,7,23.3,4.1,9.1,.453,1.2,3.5,.343,2.9,5.5,.524,.520,1.4,2.1,.692,2.7,4.1,6.8,2.4,0.5,0.4,1.4,1.7,10.8
Terance Mann,SG,LAC,81,36,23.1,3.4,6.5,.519,1.0,2.4,.389,2.4,4.0,.598,.593,1.1,1.5,.780,1.0,2.5,3.4,2.3,0.5,0.3,1.0,1.8,8.8
Tre Mann,PG,OKC,67,5,17.7,2.9,7.5,.393,1.2,3.8,.315,1.7,3.6,.475,.474,0.6,0.8,.764,0.4,1.9,2.3,1.8,0.6,0.2,0.9,1.5,7.7
Boban Marjanovic,C,HOU,31,0,5.5,1.3,1.9,.683,0.0,0.0,.000,1.3,1.9,.695,.683,0.6,0.9,.741,0.6,1.3,1.9,0.3,0.2,0.1,0.5,0.3,3.3
Lauri Markkanen,SF,UTA,66,66,34.4,8.7,17.3,.499,3.0,7.7,.391,5.6,9.6,.585,.586,5.3,6.0,.875,2.0,6.7,8.6,1.9,0.6,0.6,1.9,2.1,25.6
Naji Marshall,SF,NOP,77,21,23.3,3.2,7.4,.433,0.9,2.8,.303,2.4,4.6,.513,.490,1.8,2.3,.789,0.6,3.0,3.6,2.5,0.7,0.2,1.3,1.5,9.1
Caleb Martin,PF,MIA,71,49,29.3,3.6,7.7,.464,1.2,3.3,.356,2.4,4.4,.545,.540,1.3,1.6,.805,1.2,3.6,4.8,1.6,1.0,0.4,1.1,2.0,9.6
Cody Martin,SF,CHO,7,0,19.1,2.0,5.1,.389,0.4,2.0,.214,1.6,3.1,.500,.431,0.6,1.0,.571,1.1,2.3,3.4,1.6,0.6,0.1,0.3,1.9,5.0
Kenyon Martin Jr.,SF,HOU,82,49,28.0,5.0,8.8,.569,0.8,2.6,.315,4.2,6.1,.679,.617,1.8,2.7,.680,1.5,4.0,5.5,1.5,0.5,0.4,1.1,1.8,12.7
Tyrese Martin,SG,ATL,16,0,4.1,0.6,1.4,.391,0.1,0.4,.143,0.5,1.0,.500,.413,0.1,0.1,1.000,0.3,0.4,0.8,0.1,0.1,0.0,0.1,0.1,1.3
Garrison Mathews,SG,TOT,54,0,12.7,1.4,3.7,.363,1.2,3.3,.350,0.2,0.4,.476,.520,0.9,1.0,.906,0.2,1.1,1.4,0.5,0.4,0.1,0.4,1.1,4.8
Garrison Mathews,SG,HOU,45,0,13.4,1.3,3.8,.353,1.2,3.4,.342,0.2,0.3,.467,.509,0.9,1.0,.911,0.2,1.2,1.4,0.5,0.5,0.1,0.4,1.2,4.8
Garrison Mathews,SG,ATL,9,0,9.3,1.4,3.4,.419,1.1,2.8,.400,0.3,0.7,.500,.581,0.8,0.9,.875,0.1,1.1,1.2,0.3,0.1,0.1,0.1,0.7,4.8
Bennedict Mathurin,SF,IND,78,17,28.5,5.3,12.2,.434,1.3,4.0,.323,4.0,8.2,.488,.487,4.8,5.8,.828,1.1,3.0,4.1,1.5,0.6,0.2,1.9,2.1,16.7
Wesley Matthews,SG,MIL,52,0,15.8,1.1,3.1,.363,0.8,2.4,.315,0.4,0.7,.528,.484,0.5,0.5,.857,0.7,1.5,2.2,0.7,0.4,0.3,0.3,1.4,3.4
Tyrese Maxey,SG,PHI,60,41,33.6,7.3,15.2,.481,2.7,6.2,.434,4.7,9.1,.513,.568,3.0,3.6,.845,0.4,2.6,2.9,3.5,0.8,0.1,1.3,2.2,20.3
Skylar Mays,SG,POR,6,6,31.5,5.7,11.3,.500,2.0,4.3,.462,3.7,7.0,.524,.588,2.0,2.2,.923,0.3,2.8,3.2,8.3,1.0,0.2,1.7,1.8,15.3
Miles McBride,PG,NYK,64,2,11.9,1.2,3.4,.358,0.6,2.1,.299,0.6,1.3,.457,.451,0.4,0.7,.667,0.2,0.6,0.8,1.1,0.6,0.1,0.4,0.9,3.5
Mac McClung,SG,PHI,2,0,20.5,4.5,10.0,.450,2.0,5.5,.364,2.5,4.5,.556,.550,1.5,2.5,.600,1.5,3.5,5.0,4.5,0.0,0.0,1.5,1.5,12.5
CJ McCollum,SG,NOP,75,75,35.3,7.8,17.9,.437,2.8,7.2,.389,5.0,10.7,.469,.515,2.4,3.2,.769,0.7,3.6,4.4,5.7,0.9,0.5,2.4,2.0,20.9
T.J. McConnell,PG,IND,75,6,20.3,3.8,6.9,.543,0.3,0.8,.441,3.4,6.2,.556,.568,0.8,0.9,.853,0.6,2.5,3.1,5.3,1.1,0.1,1.9,1.4,8.7
Jaden McDaniels,SF,MIN,79,79,30.6,4.7,9.1,.517,1.4,3.4,.398,3.3,5.7,.588,.591,1.3,1.8,.736,1.2,2.7,3.9,1.9,0.9,1.0,1.4,3.4,12.1
Jalen McDaniels,SF,TOT,80,24,23.9,3.5,7.7,.455,1.0,2.9,.332,2.6,4.8,.530,.518,1.5,1.7,.841,0.8,3.5,4.3,1.6,1.0,0.4,1.2,2.6,9.4
Jalen McDaniels,SF,CHO,56,21,26.7,3.9,8.8,.447,1.2,3.6,.322,2.8,5.2,.534,.513,1.6,1.9,.846,0.8,4.0,4.8,2.0,1.2,0.5,1.4,2.8,10.6
Jalen McDaniels,SF,PHI,24,3,17.5,2.5,5.1,.488,0.5,1.3,.400,2.0,3.9,.516,.537,1.2,1.4,.824,0.8,2.4,3.2,0.8,0.7,0.2,0.5,2.1,6.7
Doug McDermott,SF,SAS,64,0,20.5,3.7,8.2,.457,1.9,4.7,.413,1.8,3.5,.516,.575,0.8,1.1,.757,0.4,1.8,2.2,1.4,0.2,0.1,0.9,1.8,10.2
JaVale McGee,C,DAL,42,7,8.5,1.9,3.0,.640,0.0,0.1,.400,1.9,2.9,.650,.648,0.6,1.0,.585,0.7,1.8,2.5,0.3,0.1,0.6,0.9,1.3,4.4
Bryce McGowens,SG,CHO,46,7,17.1,1.7,4.4,.396,0.6,1.7,.325,1.2,2.7,.443,.460,1.3,1.7,.750,0.4,1.6,2.0,1.2,0.3,0.1,0.9,1.0,5.3
Rodney McGruder,SG,DET,32,12,16.4,1.9,4.8,.408,1.3,3.0,.423,0.7,1.7,.382,.543,0.6,0.7,.818,0.6,1.7,2.3,0.9,0.5,0.0,0.3,1.2,5.7
Jordan McLaughlin,PG,MIN,43,0,15.8,1.4,3.4,.421,0.6,1.8,.308,0.9,1.6,.552,.503,0.3,0.4,.833,0.3,1.1,1.4,3.4,0.7,0.1,0.8,0.7,3.7
De'Anthony Melton,PG,PHI,77,58,27.9,3.6,8.5,.425,2.0,5.2,.390,1.6,3.2,.484,.546,0.9,1.1,.793,0.9,3.2,4.1,2.6,1.6,0.5,1.3,2.5,10.1
Sam Merrill,SG,CLE,5,0,11.8,1.8,4.4,.409,1.0,3.6,.278,0.8,0.8,1.000,.523,0.4,0.4,1.000,0.0,1.8,1.8,1.0,0.8,0.0,0.0,0.6,5.0
Chimezie Metu,C,SAC,66,0,10.4,2.0,3.3,.589,0.1,0.6,.237,1.8,2.7,.663,.610,0.8,1.1,.740,0.7,2.3,3.0,0.6,0.3,0.3,0.5,1.2,4.9
Khris Middleton,SF,MIL,33,19,24.3,5.4,12.3,.436,1.5,4.9,.315,3.8,7.4,.516,.499,2.8,3.1,.902,0.8,3.4,4.2,4.9,0.7,0.2,2.2,2.1,15.1
Patty Mills,PG,BRK,40,2,14.2,2.2,5.2,.411,1.2,3.4,.366,0.9,1.9,.493,.529,0.6,0.8,.833,0.2,0.9,1.1,1.4,0.4,0.1,0.8,0.8,6.2
Shake Milton,SG,PHI,76,11,20.6,3.2,6.6,.479,0.7,1.9,.378,2.4,4.7,.521,.535,1.3,1.5,.853,0.5,2.0,2.5,3.2,0.3,0.2,1.2,1.6,8.4
Justin Minaya,SF,POR,4,0,22.3,1.8,5.8,.304,0.8,3.0,.250,1.0,2.8,.364,.370,0.0,0.3,.000,0.8,3.0,3.8,1.0,0.5,1.3,1.0,2.3,4.3
Josh Minott,SF,MIN,15,0,6.4,1.2,2.4,.500,0.1,0.4,.333,1.1,2.0,.533,.528,0.5,0.5,1.000,0.3,1.3,1.7,0.3,0.3,0.4,0.2,0.7,3.1
Davion Mitchell,PG,SAC,80,9,18.1,2.3,5.0,.454,0.8,2.5,.320,1.5,2.5,.584,.533,0.3,0.4,.806,0.2,1.1,1.3,2.3,0.6,0.2,0.8,1.4,5.6
Donovan Mitchell,SG,CLE,68,68,35.8,10.0,20.6,.484,3.6,9.3,.386,6.4,11.3,.566,.572,4.7,5.4,.867,0.9,3.3,4.3,4.4,1.5,0.4,2.6,2.5,28.3
Evan Mobley,PF,CLE,79,79,34.4,6.6,12.0,.554,0.3,1.3,.216,6.4,10.7,.595,.566,2.6,3.8,.674,2.4,6.6,9.0,2.8,0.8,1.5,1.8,2.8,16.2
Isaiah Mobley,PF,CLE,13,0,6.5,0.9,2.2,.429,0.2,0.6,.375,0.7,1.5,.450,.482,0.3,0.3,1.000,0.3,1.2,1.5,0.2,0.3,0.2,0.1,0.6,2.4
Chima Moneke,SF,SAC,2,0,4.0,0.5,1.0,.500,0.0,0.0,,0.5,1.0,.500,.500,0.0,1.0,.000,1.0,0.0,1.0,0.5,0.0,0.0,1.0,1.0,1.0
Malik Monk,SG,SAC,77,0,22.3,4.6,10.3,.448,1.9,5.2,.359,2.8,5.2,.538,.538,2.4,2.7,.889,0.4,2.2,2.6,3.9,0.6,0.3,1.9,1.6,13.5
Moses Moody,SG,GSW,63,3,13.0,1.7,3.6,.476,0.8,2.1,.363,0.9,1.5,.641,.584,0.6,0.8,.698,0.4,1.2,1.7,0.8,0.3,0.1,0.5,0.9,4.8
Xavier Moon,SG,LAC,4,0,5.0,0.8,2.3,.333,0.3,0.8,.333,0.5,1.5,.333,.389,0.0,0.0,,0.0,0.8,0.8,1.3,0.0,0.0,0.3,0.5,1.8
Wendell Moore Jr.,SG,MIN,29,2,5.3,0.6,1.5,.419,0.1,0.6,.118,0.6,0.9,.615,.442,0.1,0.2,.800,0.1,0.5,0.6,0.6,0.3,0.2,0.3,0.4,1.4
Ja Morant,PG,MEM,61,59,31.9,9.3,19.9,.466,1.5,4.9,.307,7.8,15.0,.519,.504,6.1,8.1,.748,1.0,4.9,5.9,8.1,1.1,0.3,3.4,1.6,26.2
Marcus Morris Sr.,PF,LAC,65,65,28.1,4.2,9.9,.426,1.7,4.7,.364,2.5,5.2,.484,.513,1.0,1.3,.782,0.4,3.5,4.0,1.8,0.6,0.3,0.9,2.1,11.2
Markieff Morris,PF,TOT,35,2,10.1,1.3,3.3,.409,0.8,2.0,.394,0.5,1.3,.432,.530,0.3,0.3,1.000,0.4,1.7,2.0,0.9,0.3,0.1,0.5,1.4,3.8
Markieff Morris,PF,BRK,27,1,10.6,1.2,3.0,.402,0.7,1.8,.408,0.5,1.2,.394,.524,0.4,0.4,1.000,0.5,1.7,2.2,0.9,0.3,0.2,0.5,1.2,3.6
Markieff Morris,PF,DAL,8,1,8.8,1.8,4.1,.424,1.0,2.8,.364,0.8,1.4,.545,.545,0.0,0.0,,0.0,1.5,1.5,0.8,0.1,0.0,0.5,1.9,4.5
Monte Morris,PG,WAS,62,61,27.3,4.0,8.3,.480,1.3,3.3,.382,2.7,5.0,.543,.555,1.0,1.2,.831,0.4,3.0,3.4,5.3,0.7,0.2,1.0,1.2,10.3
Trey Murphy III,SF,NOP,79,65,31.0,4.9,10.1,.484,2.6,6.3,.406,2.3,3.8,.611,.610,2.2,2.4,.905,0.7,2.8,3.6,1.4,1.1,0.5,0.8,2.0,14.5
Dejounte Murray,SG,ATL,74,74,36.4,8.3,17.8,.464,1.8,5.2,.344,6.5,12.6,.514,.514,2.1,2.6,.832,0.7,4.5,5.3,6.1,1.5,0.3,2.2,1.4,20.5
Jamal Murray,PG,DEN,65,65,32.8,7.3,16.0,.454,2.6,6.6,.398,4.6,9.4,.494,.537,2.8,3.3,.833,0.7,3.2,4.0,6.2,1.0,0.2,2.2,1.6,20.0
Keegan Murray,SF,SAC,80,78,29.8,4.4,9.8,.453,2.6,6.3,.411,1.9,3.5,.527,.584,0.8,1.0,.765,1.1,3.5,4.6,1.2,0.8,0.5,0.8,2.0,12.2
Mike Muscala,C,TOT,63,9,15.0,2.1,4.6,.449,1.3,3.3,.391,0.8,1.3,.588,.587,0.6,0.8,.769,0.6,2.6,3.2,0.8,0.2,0.4,0.4,1.6,6.1
Mike Muscala,C,OKC,43,5,14.5,2.1,4.7,.438,1.3,3.3,.394,0.8,1.4,.541,.576,0.7,0.9,.795,0.5,2.6,3.1,0.9,0.3,0.4,0.3,1.6,6.2
Mike Muscala,C,BOS,20,4,16.2,2.1,4.5,.472,1.3,3.3,.385,0.9,1.2,.708,.612,0.5,0.7,.692,0.7,2.7,3.4,0.6,0.2,0.3,0.5,1.4,5.9
Svi Mykhailiuk,SF,TOT,32,8,14.6,2.4,5.4,.445,1.3,3.1,.424,1.1,2.3,.473,.566,0.8,1.2,.667,0.5,1.2,1.7,1.7,0.5,0.1,0.8,0.7,6.9
Svi Mykhailiuk,SF,NYK,13,0,3.1,0.5,0.9,.500,0.5,0.8,.600,0.0,0.2,.000,.750,0.2,0.4,.600,0.0,0.5,0.5,0.1,0.1,0.0,0.2,0.1,1.6
Svi Mykhailiuk,SF,CHO,19,8,22.5,3.7,8.5,.441,1.9,4.7,.404,1.8,3.8,.486,.553,1.2,1.8,.676,0.8,1.6,2.4,2.7,0.7,0.2,1.2,1.2,10.6
Larry Nance Jr.,PF,NOP,65,1,21.2,2.9,4.7,.610,0.2,0.6,.333,2.6,4.0,.654,.633,0.8,1.2,.696,1.6,3.8,5.4,1.8,0.9,0.6,0.6,2.0,6.8
Andrew Nembhard,SG,IND,75,63,27.6,3.8,8.6,.441,1.2,3.5,.350,2.6,5.1,.504,.512,0.7,0.8,.790,0.5,2.2,2.7,4.5,0.9,0.2,1.7,2.4,9.5
Aaron Nesmith,SF,IND,73,60,24.9,3.5,8.1,.427,1.6,4.3,.366,1.9,3.8,.496,.525,1.6,1.9,.838,0.8,2.9,3.8,1.3,0.8,0.5,1.0,3.2,10.1
Raul Neto,PG,CLE,48,1,10.5,1.2,2.3,.518,0.3,0.9,.286,0.9,1.4,.662,.573,0.6,0.7,.912,0.2,0.8,1.0,1.6,0.4,0.1,0.5,1.0,3.3
Georges Niang,PF,PHI,78,1,19.4,2.8,6.4,.442,2.0,4.9,.401,0.9,1.5,.576,.596,0.5,0.6,.867,0.2,2.1,2.4,1.0,0.4,0.2,0.7,1.9,8.2
Daishen Nix,PG,HOU,57,7,16.0,1.4,4.2,.342,0.7,2.5,.286,0.7,1.7,.423,.426,0.4,0.6,.667,0.3,1.4,1.7,2.3,0.5,0.1,1.5,1.0,4.0
Zeke Nnaji,PF,DEN,53,5,13.7,2.1,3.7,.561,0.3,1.2,.262,1.8,2.5,.710,.605,0.8,1.2,.645,1.2,1.4,2.6,0.3,0.3,0.4,0.6,2.0,5.2
Nerlens Noel,C,TOT,17,4,11.5,0.8,2.1,.361,0.1,0.1,.500,0.7,2.0,.353,.375,0.5,0.7,.667,0.6,2.1,2.7,0.6,0.9,0.6,0.8,1.9,2.1
Nerlens Noel,C,DET,14,3,10.9,0.9,2.1,.400,0.1,0.1,.500,0.8,2.0,.393,.417,0.5,0.7,.700,0.5,2.1,2.6,0.5,0.9,0.6,0.6,1.8,2.3
Nerlens Noel,C,BRK,3,1,14.3,0.3,2.0,.167,0.0,0.0,,0.3,2.0,.167,.167,0.3,0.7,.500,1.0,2.0,3.0,1.0,1.0,0.3,1.7,2.3,1.0
Jaylen Nowell,SG,MIN,65,2,19.3,4.3,9.6,.448,1.0,3.6,.289,3.3,6.0,.542,.502,1.2,1.5,.778,0.6,2.1,2.6,2.0,0.6,0.1,1.0,1.6,10.8
Frank Ntilikina,PG,DAL,47,5,12.9,1.0,2.8,.364,0.4,1.4,.254,0.7,1.4,.477,.428,0.5,0.7,.667,0.1,1.2,1.3,1.2,0.3,0.1,0.6,1.4,2.9
Kendrick Nunn,SG-PG,TOT,70,2,13.8,2.7,6.4,.424,1.1,3.2,.354,1.6,3.2,.493,.512,0.5,0.6,.854,0.2,1.3,1.6,1.3,0.4,0.1,0.9,0.9,7.1
Kendrick Nunn,SG,LAL,39,2,13.5,2.6,6.4,.406,1.1,3.2,.325,1.6,3.2,.488,.488,0.4,0.5,.810,0.1,1.3,1.4,0.9,0.3,0.1,0.8,0.9,6.7
Kendrick Nunn,PG,WAS,31,0,14.1,2.9,6.4,.447,1.2,3.1,.392,1.6,3.3,.500,.543,0.6,0.6,.900,0.3,1.4,1.7,1.8,0.5,0.1,1.1,1.0,7.5
Jusuf Nurkic,C,POR,52,52,26.8,5.0,9.7,.519,0.8,2.3,.361,4.2,7.4,.567,.561,2.4,3.7,.661,2.2,6.9,9.1,2.9,0.8,0.8,2.3,3.6,13.3
Jordan Nwora,SF,TOT,62,14,19.2,3.1,7.2,.436,1.4,3.4,.408,1.7,3.8,.462,.533,1.1,1.4,.791,0.8,2.9,3.7,1.4,0.4,0.2,1.1,1.2,8.7
Jordan Nwora,SF,MIL,38,3,15.7,2.0,5.2,.386,1.1,2.7,.392,0.9,2.5,.379,.487,1.0,1.1,.860,0.8,2.3,3.1,1.0,0.3,0.2,0.9,0.9,6.0
Jordan Nwora,SF,IND,24,11,24.6,4.9,10.3,.476,1.9,4.5,.422,3.0,5.8,.518,.569,1.3,1.8,.721,0.9,3.8,4.7,2.1,0.5,0.3,1.3,1.7,13.0
Royce O'Neale,SF,BRK,76,53,31.7,3.0,7.8,.386,2.1,5.5,.389,0.9,2.3,.379,.524,0.7,0.9,.725,0.7,4.3,5.1,3.7,0.9,0.6,1.5,3.1,8.8
Chuma Okeke,SF,ORL,27,8,19.2,1.6,4.5,.352,1.0,3.2,.302,0.6,1.3,.472,.459,0.6,0.8,.762,1.0,2.6,3.6,1.4,0.7,0.4,0.6,1.5,4.7
Josh Okogie,SG,PHO,72,26,18.8,2.3,5.8,.391,0.9,2.7,.335,1.3,3.0,.442,.471,1.9,2.7,.724,1.5,2.0,3.5,1.5,0.8,0.5,0.9,1.6,7.3
Onyeka Okongwu,C,ATL,80,18,23.1,4.0,6.2,.638,0.1,0.2,.308,3.9,6.1,.647,.642,1.9,2.5,.781,2.7,4.5,7.2,1.0,0.7,1.3,1.0,3.1,9.9
Isaac Okoro,SF,CLE,76,46,21.7,2.3,4.7,.494,0.8,2.3,.363,1.5,2.4,.617,.582,1.0,1.4,.757,0.7,1.8,2.5,1.1,0.7,0.4,0.6,2.1,6.4
KZ Okpala,PF,SAC,35,3,7.1,0.5,1.1,.421,0.2,0.6,.333,0.3,0.5,.529,.513,0.2,0.2,.875,0.2,0.8,1.0,0.4,0.2,0.2,0.2,1.1,1.3
Victor Oladipo,SG,MIA,42,2,26.3,3.8,9.6,.397,1.7,5.0,.330,2.1,4.5,.471,.484,1.4,1.9,.747,0.4,2.7,3.0,3.5,1.4,0.3,2.1,2.4,10.7
Kelly Olynyk,C,UTA,68,68,28.6,4.1,8.2,.499,1.4,3.5,.394,2.7,4.7,.576,.583,2.9,3.4,.853,1.2,5.0,6.2,3.7,0.9,0.5,2.5,3.4,12.5
Eugene Omoruyi,SF,TOT,40,6,16.1,2.5,5.7,.443,0.6,2.2,.281,1.9,3.5,.547,.498,1.3,1.9,.680,1.1,1.7,2.8,0.7,0.7,0.1,0.9,2.3,7.0
Eugene Omoruyi,SF,OKC,23,2,11.8,1.9,4.1,.468,0.3,1.3,.258,1.6,2.7,.571,.511,0.7,1.2,.607,1.0,1.3,2.3,0.5,0.6,0.0,0.7,2.0,4.9
Eugene Omoruyi,SF,DET,17,4,21.9,3.4,7.9,.425,1.0,3.4,.293,2.4,4.5,.526,.489,2.0,2.8,.723,1.2,2.2,3.5,1.0,0.8,0.2,1.1,2.6,9.7
Cedi Osman,SF,CLE,77,2,20.1,3.1,6.9,.451,1.5,4.1,.372,1.6,2.8,.564,.560,1.0,1.4,.694,0.3,2.0,2.3,1.5,0.5,0.1,0.7,1.6,8.7
Kelly Oubre Jr.,SF,CHO,48,40,32.3,7.4,17.1,.431,2.3,7.1,.319,5.1,10.0,.510,.497,3.3,4.3,.760,1.4,3.8,5.2,1.1,1.4,0.4,1.3,2.9,20.3
Chris Paul,PG,PHO,59,59,32.0,5.0,11.3,.440,1.7,4.4,.375,3.3,6.9,.482,.513,2.3,2.7,.831,0.5,3.8,4.3,8.9,1.5,0.4,1.9,2.1,13.9
Cameron Payne,PG,PHO,48,15,20.2,3.9,9.4,.415,1.4,3.9,.368,2.5,5.6,.448,.490,1.0,1.3,.766,0.3,2.0,2.2,4.5,0.7,0.2,1.7,1.8,10.3
Gary Payton II,PG,TOT,22,1,16.7,1.9,3.1,.594,0.6,1.2,.500,1.3,2.0,.651,.688,0.3,0.3,.857,1.1,2.0,3.1,1.4,1.0,0.2,0.7,2.0,4.6
Gary Payton II,PG,POR,15,1,17.0,1.6,2.7,.585,0.6,1.1,.529,1.0,1.6,.625,.695,0.3,0.3,1.000,0.7,1.9,2.6,1.5,1.1,0.1,0.8,1.9,4.1
Gary Payton II,PG,GSW,7,0,16.0,2.4,4.0,.607,0.6,1.3,.444,1.9,2.7,.684,.679,0.3,0.4,.667,2.0,2.3,4.3,1.1,0.9,0.6,0.6,2.0,5.7
Theo Pinson,SG,DAL,40,1,8.1,0.8,2.2,.356,0.6,1.6,.355,0.2,0.6,.360,.483,0.3,0.3,.846,0.3,1.3,1.6,1.2,0.2,0.0,0.3,0.9,2.4
Scotty Pippen Jr.,PG,LAL,6,0,5.3,0.7,2.0,.333,0.2,0.5,.333,0.5,1.5,.333,.375,0.8,1.5,.556,0.3,0.3,0.7,0.3,0.3,0.2,0.3,0.5,2.3
Mason Plumlee,C,TOT,79,60,26.0,4.2,6.1,.680,0.0,0.0,,4.2,6.1,.680,.680,2.5,4.0,.636,2.9,6.0,8.9,3.1,0.6,0.6,1.5,2.7,10.8
Mason Plumlee,C,CHO,56,56,28.5,4.7,7.1,.669,0.0,0.0,,4.7,7.1,.669,.669,2.8,4.6,.605,3.3,6.3,9.7,3.7,0.6,0.6,1.6,2.9,12.2
Mason Plumlee,C,LAC,23,4,19.9,2.8,3.8,.727,0.0,0.0,,2.8,3.8,.727,.727,1.9,2.5,.772,1.8,5.1,6.9,1.7,0.5,0.5,1.3,2.4,7.5
Jakob Poeltl,C,TOT,72,71,26.5,5.4,8.6,.629,0.0,0.0,.000,5.4,8.6,.630,.629,1.7,2.8,.592,3.3,5.8,9.1,2.7,0.9,1.2,1.7,2.7,12.5
Jakob Poeltl,C,SAS,46,46,26.1,5.2,8.4,.616,0.0,0.0,.000,5.2,8.4,.618,.616,1.7,2.8,.605,3.3,5.7,9.0,3.1,0.8,1.1,2.1,2.6,12.1
Jakob Poeltl,C,TOR,26,25,27.2,5.8,8.8,.652,0.0,0.0,,5.8,8.8,.652,.652,1.6,2.8,.569,3.2,5.9,9.1,2.2,1.2,1.3,1.1,3.0,13.1
Aleksej Pokusevski,PF,OKC,34,25,20.6,3.2,7.3,.434,1.1,3.1,.365,2.1,4.3,.483,.510,0.6,1.0,.629,1.3,3.4,4.7,1.9,0.6,1.3,1.3,1.7,8.1
Jordan Poole,PG,GSW,82,43,30.0,6.7,15.6,.430,2.6,7.8,.336,4.1,7.8,.524,.514,4.4,5.1,.870,0.4,2.4,2.7,4.5,0.8,0.3,3.1,2.6,20.4
Kevin Porter Jr.,PG,HOU,59,59,34.3,6.6,15.0,.442,2.4,6.5,.366,4.2,8.5,.501,.522,3.5,4.5,.784,1.3,4.0,5.3,5.7,1.4,0.3,3.2,2.6,19.2
Michael Porter Jr.,SF,DEN,62,62,29.0,6.4,13.2,.487,3.0,7.3,.414,3.4,5.9,.579,.602,1.5,1.9,.800,1.0,4.5,5.5,1.0,0.6,0.5,1.1,1.9,17.4
Otto Porter Jr.,SF,TOR,8,2,18.3,1.9,3.8,.500,0.8,2.1,.353,1.1,1.6,.692,.600,1.0,1.0,1.000,0.8,1.6,2.4,1.0,1.4,0.0,0.5,0.9,5.5
Bobby Portis,PF,MIL,70,22,26.0,5.7,11.5,.496,1.4,3.7,.370,4.3,7.8,.555,.555,1.4,1.8,.768,2.2,7.4,9.6,1.5,0.4,0.2,1.2,1.6,14.1
Kristaps Porzingis,C,WAS,65,65,32.6,7.8,15.7,.498,2.1,5.5,.385,5.7,10.2,.559,.565,5.4,6.4,.851,1.8,6.6,8.4,2.7,0.9,1.5,2.1,3.0,23.2
Micah Potter,PF,UTA,7,0,7.4,1.4,2.1,.667,0.6,1.0,.571,0.9,1.1,.750,.800,0.0,0.0,,0.4,1.9,2.3,0.6,0.1,0.0,0.3,0.7,3.4
Dwight Powell,C,DAL,76,64,19.2,2.6,3.5,.732,0.0,0.1,.000,2.6,3.5,.746,.732,1.5,2.2,.667,2.0,2.2,4.1,0.9,0.6,0.3,0.9,2.8,6.7
Norman Powell,SG,LAC,60,8,26.1,5.7,11.8,.479,1.9,4.8,.397,3.8,7.1,.534,.559,3.8,4.6,.812,0.4,2.5,2.9,1.8,0.8,0.3,1.7,2.1,17.0
Jason Preston,PG,LAC,14,0,8.9,1.3,2.9,.439,0.4,1.3,.278,0.9,1.6,.565,.500,0.0,0.1,.000,0.1,1.4,1.6,1.9,0.1,0.0,0.7,0.5,2.9
Joshua Primo,SG,SAS,4,0,23.3,2.3,6.5,.346,0.8,3.0,.250,1.5,3.5,.429,.404,1.8,2.3,.778,0.5,2.8,3.3,4.5,0.3,0.5,2.8,2.0,7.0
Taurean Prince,SF,MIN,54,4,22.1,3.3,7.0,.467,1.4,3.6,.381,1.9,3.4,.557,.565,1.2,1.4,.844,0.3,2.2,2.4,1.6,0.5,0.3,1.3,2.3,9.1
Payton Pritchard,PG,BOS,48,3,13.4,2.1,5.1,.412,1.2,3.2,.364,0.9,1.9,.495,.527,0.3,0.3,.750,0.5,1.3,1.8,1.3,0.3,0.0,0.8,0.8,5.6
Trevelin Queen,SG,IND,7,0,10.0,1.0,4.1,.241,0.3,2.1,.133,0.7,2.0,.357,.276,0.7,0.7,1.000,1.1,1.3,2.4,0.9,0.3,0.7,1.0,0.6,3.0
Neemias Queta,C,SAC,5,0,5.8,1.2,1.8,.667,0.0,0.0,,1.2,1.8,.667,.667,0.0,0.4,.000,1.0,1.2,2.2,0.2,0.0,0.4,0.2,1.4,2.4
Immanuel Quickley,PG,NYK,81,21,28.9,5.2,11.6,.448,2.1,5.6,.370,3.1,6.0,.521,.537,2.5,3.1,.819,0.7,3.4,4.2,3.4,1.0,0.2,1.2,2.0,14.9
Lester Quinones,SG,GSW,4,0,4.5,0.5,1.3,.400,0.5,1.0,.500,0.0,0.3,.000,.600,1.0,1.5,.667,0.3,0.5,0.8,0.5,0.3,0.0,1.3,0.0,2.5
Julius Randle,PF,NYK,77,77,35.5,8.5,18.6,.459,2.8,8.3,.343,5.7,10.3,.553,.536,5.2,6.9,.757,1.8,8.1,10.0,4.1,0.6,0.3,2.8,3.0,25.1
Austin Reaves,SG,LAL,64,22,28.8,4.0,7.7,.529,1.3,3.4,.398,2.7,4.3,.631,.616,3.6,4.1,.864,0.5,2.5,3.0,3.4,0.5,0.3,1.5,1.7,13.0
Cam Reddish,SF,TOT,40,20,24.8,3.5,7.8,.446,1.1,3.6,.313,2.4,4.2,.560,.518,1.6,1.9,.853,0.5,1.8,2.2,1.4,1.0,0.4,1.2,1.8,9.7
Cam Reddish,SF,NYK,20,8,21.9,3.1,6.8,.449,0.9,2.8,.304,2.2,4.0,.550,.511,1.5,1.7,.879,0.4,1.2,1.6,1.0,0.8,0.4,0.8,1.6,8.4
Cam Reddish,SF,POR,20,12,27.6,3.9,8.8,.443,1.4,4.4,.318,2.5,4.4,.568,.523,1.8,2.1,.833,0.6,2.3,2.9,1.9,1.2,0.3,1.6,2.0,11.0
Davon Reed,SG,TOT,43,1,8.0,0.7,2.0,.333,0.4,1.1,.370,0.3,0.9,.289,.435,0.4,0.6,.667,0.2,1.1,1.4,0.5,0.3,0.1,0.5,0.9,2.1
Davon Reed,SG,DEN,35,1,9.0,0.7,2.3,.313,0.5,1.3,.364,0.3,1.0,.250,.413,0.4,0.6,.750,0.3,1.3,1.6,0.5,0.4,0.1,0.6,1.0,2.3
Davon Reed,SG,LAL,8,0,3.4,0.4,0.5,.750,0.1,0.3,.500,0.3,0.3,1.000,.875,0.1,0.5,.250,0.1,0.4,0.5,0.5,0.3,0.0,0.0,0.4,1.0
Paul Reed,C,PHI,69,2,10.9,1.8,3.0,.593,0.0,0.1,.167,1.8,2.9,.606,.596,0.6,0.7,.745,1.6,2.2,3.8,0.4,0.7,0.7,0.7,1.8,4.2
Naz Reid,C,MIN,68,11,18.4,4.6,8.5,.537,1.1,3.2,.346,3.5,5.3,.653,.602,1.3,1.9,.677,1.1,3.8,4.9,1.1,0.6,0.8,1.4,2.6,11.5
Jared Rhoden,SG,DET,14,0,14.1,1.2,3.1,.386,0.4,1.4,.250,0.9,1.7,.500,.443,0.4,0.4,1.000,0.8,1.9,2.6,0.3,0.3,0.1,0.2,1.6,3.2
Nick Richards,C,CHO,65,9,18.7,3.0,4.8,.629,0.0,0.0,1.000,3.0,4.8,.628,.631,2.1,2.8,.749,2.3,4.1,6.4,0.6,0.2,1.1,0.9,2.4,8.2
Josh Richardson,SG,TOT,65,10,23.5,3.7,8.5,.431,1.6,4.5,.365,2.0,4.0,.506,.528,1.1,1.2,.852,0.6,2.1,2.7,2.7,1.1,0.3,1.3,1.8,10.1
Josh Richardson,SG,SAS,42,6,23.7,4.2,9.7,.436,1.8,4.9,.357,2.5,4.7,.518,.527,1.3,1.4,.883,0.7,2.1,2.8,3.3,1.0,0.3,1.5,1.7,11.5
Josh Richardson,SG,NOP,23,4,23.2,2.7,6.4,.419,1.4,3.7,.384,1.3,2.7,.468,.530,0.7,0.9,.762,0.5,2.0,2.4,1.6,1.3,0.4,1.0,2.0,7.5
Austin Rivers,SG,MIN,52,10,19.5,1.8,4.0,.435,0.8,2.4,.350,0.9,1.7,.558,.538,0.6,0.8,.769,0.1,1.5,1.6,1.4,0.5,0.1,0.4,1.5,4.9
Duncan Robinson,SF,MIA,42,1,16.5,2.1,5.6,.371,1.5,4.6,.328,0.6,1.1,.556,.504,0.7,0.8,.906,0.2,1.5,1.6,1.1,0.3,0.0,0.7,1.8,6.4
Mitchell Robinson,C,NYK,59,58,27.0,3.2,4.7,.671,0.0,0.0,,3.2,4.7,.671,.671,1.0,2.1,.484,4.5,4.9,9.4,0.9,0.9,1.8,0.7,2.7,7.4
Orlando Robinson,C,MIA,31,1,13.7,1.5,2.9,.528,0.0,0.2,.000,1.5,2.7,.566,.528,0.7,1.0,.710,1.5,2.5,4.1,0.8,0.4,0.4,0.5,1.7,3.7
Jeremiah Robinson-Earl,PF,OKC,43,20,18.9,2.6,5.8,.444,0.9,2.6,.333,1.7,3.2,.533,.518,0.8,1.0,.833,1.7,2.5,4.2,1.0,0.6,0.3,0.4,1.7,6.8
Isaiah Roby,PF,SAS,42,2,11.3,1.6,3.7,.432,0.4,1.4,.300,1.2,2.3,.516,.490,0.5,1.0,.488,0.5,2.0,2.5,0.9,0.4,0.2,0.7,1.3,4.1
David Roddy,PF,MEM,70,4,18.0,2.6,6.0,.429,0.9,3.0,.307,1.6,3.0,.553,.506,0.6,0.9,.631,0.7,2.0,2.8,0.8,0.4,0.3,0.8,1.5,6.7
Ryan Rollins,PG,GSW,12,0,5.2,0.6,1.7,.350,0.3,0.8,.333,0.3,0.9,.364,.425,0.5,0.5,1.000,0.3,0.8,1.0,0.5,0.1,0.1,1.3,0.8,1.9
Derrick Rose,PG,NYK,27,0,12.5,2.3,5.9,.384,0.7,2.3,.302,1.6,3.6,.438,.443,0.4,0.4,.917,0.3,1.2,1.5,1.7,0.3,0.2,0.8,0.7,5.6
Terrence Ross,SG,TOT,63,9,21.1,3.2,7.4,.430,1.5,4.1,.368,1.7,3.3,.507,.532,0.4,0.5,.794,0.3,2.1,2.4,1.5,0.6,0.2,0.7,1.5,8.3
Terrence Ross,SG,ORL,42,9,22.5,3.1,7.1,.431,1.5,3.8,.381,1.6,3.3,.489,.533,0.4,0.5,.750,0.2,1.8,2.0,1.3,0.6,0.2,0.9,1.3,8.0
Terrence Ross,SG,PHO,21,0,18.4,3.4,7.9,.428,1.6,4.7,.347,1.8,3.2,.544,.530,0.6,0.7,.857,0.6,2.7,3.3,2.0,0.5,0.1,0.3,2.1,9.0
Terry Rozier,SG,CHO,63,63,35.3,7.8,18.9,.415,2.6,8.0,.327,5.2,10.8,.480,.484,2.8,3.5,.809,0.8,3.3,4.1,5.1,1.2,0.3,2.1,1.9,21.1
Ricky Rubio,PG,CLE,33,2,17.2,1.8,5.4,.343,0.6,2.5,.256,1.2,2.9,.417,.402,0.8,1.1,.800,0.3,1.8,2.1,3.5,0.8,0.2,0.9,1.5,5.2
D'Angelo Russell,PG,TOT,71,71,32.5,6.3,13.4,.469,2.7,6.9,.396,3.5,6.5,.548,.572,2.5,3.0,.829,0.5,2.5,3.0,6.2,1.0,0.4,2.6,2.0,17.8
D'Angelo Russell,PG,MIN,54,54,32.9,6.3,13.5,.465,2.7,7.0,.391,3.5,6.4,.546,.567,2.6,3.1,.856,0.5,2.5,3.1,6.2,1.1,0.4,2.7,2.2,17.9
D'Angelo Russell,PG,LAL,17,17,30.9,6.3,13.0,.484,2.7,6.5,.414,3.6,6.5,.555,.588,2.1,2.9,.735,0.4,2.5,2.9,6.1,0.6,0.5,2.3,1.4,17.4
Matt Ryan,SF,TOT,34,0,9.1,1.2,3.2,.370,0.9,2.5,.381,0.2,0.7,.333,.519,0.3,0.4,.833,0.1,0.6,0.8,0.5,0.1,0.0,0.2,0.8,3.6
Matt Ryan,SF,LAL,12,0,10.8,1.3,4.1,.306,1.1,2.9,.371,0.2,1.2,.143,.439,0.3,0.4,.800,0.2,1.0,1.2,0.3,0.2,0.0,0.3,1.2,3.9
Matt Ryan,SF,MIN,22,0,8.2,1.1,2.7,.424,0.9,2.2,.388,0.3,0.5,.600,.585,0.3,0.3,.857,0.1,0.5,0.5,0.5,0.1,0.0,0.2,0.6,3.4
Domantas Sabonis,C,SAC,79,79,34.6,7.3,11.9,.615,0.4,1.1,.373,6.9,10.8,.639,.632,4.1,5.5,.742,3.2,9.1,12.3,7.3,0.8,0.5,2.9,3.5,19.1
Luka Samanic,PF,UTA,7,4,23.0,3.7,8.1,.456,1.1,4.4,.258,2.6,3.7,.692,.526,1.3,1.9,.692,0.0,4.3,4.3,2.1,0.9,0.3,1.4,2.4,9.9
Dario Saric,PF,TOT,57,12,14.1,2.2,4.9,.458,0.8,2.0,.391,1.4,2.8,.506,.540,1.1,1.3,.829,0.9,2.7,3.6,1.3,0.4,0.1,1.0,1.7,6.4
Dario Saric,PF,PHO,37,12,14.4,2.1,4.8,.427,0.7,1.9,.391,1.3,2.9,.450,.503,1.0,1.2,.818,1.1,2.8,3.8,1.5,0.4,0.1,1.0,1.9,5.8
Dario Saric,PF,OKC,20,0,13.7,2.6,5.0,.515,0.9,2.3,.391,1.7,2.7,.623,.606,1.4,1.6,.844,0.7,2.6,3.3,0.9,0.4,0.1,1.0,1.5,7.4
Olivier Sarr,C,OKC,9,1,12.7,1.7,3.3,.500,0.1,0.9,.125,1.6,2.4,.636,.517,0.6,0.8,.714,1.3,2.1,3.4,0.4,0.1,0.6,0.4,1.9,4.0
Jordan Schakel,SF,WAS,2,0,3.0,0.5,1.0,.500,0.5,0.5,1.000,0.0,0.5,.000,.750,0.0,0.0,,0.0,0.0,0.0,0.5,0.5,0.0,0.0,0.5,1.5
Admiral Schofield,PF,ORL,37,0,12.2,1.5,3.3,.451,0.6,2.0,.324,0.8,1.3,.646,.549,0.6,0.6,.913,0.6,1.1,1.7,0.8,0.2,0.1,0.4,1.6,4.2
Dennis Schroder,PG,LAL,66,50,30.1,4.1,9.8,.415,1.1,3.4,.329,3.0,6.4,.461,.472,3.3,3.8,.857,0.3,2.2,2.5,4.5,0.8,0.2,1.7,2.2,12.6
Jay Scrubb,SG,ORL,2,0,15.0,2.5,3.5,.714,1.0,1.0,1.000,1.5,2.5,.600,.857,0.5,1.0,.500,0.0,3.0,3.0,0.5,1.0,0.0,1.5,1.0,6.5
Dereon Seabron,SG,NOP,5,0,2.4,0.4,1.0,.400,0.0,0.0,,0.4,1.0,.400,.400,0.0,0.0,,0.2,0.0,0.2,0.0,0.0,0.0,0.0,0.2,0.8
Alperen Sengun,C,HOU,75,72,28.9,5.9,10.7,.553,0.3,0.8,.333,5.6,9.9,.570,.565,2.7,3.8,.715,3.2,5.8,9.0,3.9,0.9,0.9,2.6,3.4,14.8
Collin Sexton,SG,UTA,48,15,23.9,4.9,9.8,.506,1.0,2.5,.393,3.9,7.2,.546,.558,3.4,4.1,.819,0.8,1.4,2.2,2.9,0.6,0.1,1.8,2.3,14.3
Landry Shamet,SG,PHO,40,9,20.2,2.8,7.5,.377,1.9,5.0,.377,1.0,2.5,.376,.502,1.1,1.3,.882,0.3,1.4,1.7,2.3,0.7,0.1,0.9,1.5,8.7
Day'Ron Sharpe,C,BRK,48,3,11.5,1.9,3.6,.544,0.1,0.2,.545,1.8,3.3,.544,.561,0.7,1.1,.636,2.1,2.1,4.2,0.8,0.3,0.7,0.9,1.9,4.7
Shaedon Sharpe,SG,POR,80,15,22.2,3.8,8.1,.472,1.3,3.5,.360,2.6,4.6,.559,.551,0.9,1.3,.714,0.8,2.2,3.0,1.2,0.5,0.3,1.0,1.7,9.9
Pascal Siakam,C,TOR,71,71,37.4,8.9,18.5,.480,1.3,4.0,.324,7.6,14.5,.523,.515,5.2,6.7,.774,1.8,6.0,7.8,5.8,0.9,0.5,2.4,3.2,24.2
Chris Silva,PF,DAL,1,0,3.0,1.0,1.0,1.000,0.0,0.0,,1.0,1.0,1.000,1.000,0.0,0.0,,0.0,0.0,0.0,0.0,0.0,0.0,1.0,2.0,2.0
Ben Simmons,PG,BRK,42,33,26.3,3.2,5.6,.566,0.0,0.0,.000,3.2,5.5,.571,.566,0.6,1.4,.439,1.0,5.3,6.3,6.1,1.3,0.6,2.3,3.3,6.9
Kobi Simmons,PG,CHO,5,0,5.6,0.2,1.2,.167,0.2,1.0,.200,0.0,0.2,.000,.250,0.4,0.4,1.000,0.2,0.6,0.8,1.0,0.0,0.4,0.2,0.0,1.0
Marko Simonovic,C,CHI,7,0,2.9,0.3,1.0,.286,0.1,0.6,.250,0.1,0.4,.333,.357,0.1,0.3,.500,0.1,0.1,0.3,0.0,0.0,0.0,0.0,0.7,0.9
Anfernee Simons,SG,POR,62,62,35.0,7.5,16.9,.447,3.4,9.1,.377,4.1,7.8,.528,.548,2.6,2.9,.894,0.3,2.3,2.6,4.1,0.7,0.2,2.1,2.3,21.1
Jericho Sims,C,NYK,52,16,15.6,1.6,2.1,.776,0.0,0.0,.000,1.6,2.0,.783,.776,0.2,0.3,.750,1.9,2.8,4.7,0.5,0.3,0.5,0.5,1.8,3.4
Marcus Smart,PG,BOS,61,61,32.1,4.1,9.9,.415,1.9,5.6,.336,2.2,4.3,.519,.511,1.4,1.9,.746,0.8,2.4,3.1,6.3,1.5,0.4,2.3,2.8,11.5
Dennis Smith Jr.,PG,CHO,54,15,25.7,3.4,8.4,.412,0.4,2.1,.216,3.0,6.3,.475,.438,1.4,2.0,.736,0.5,2.6,3.1,4.8,1.4,0.5,1.5,2.3,8.8
Dru Smith,SG,TOT,15,1,10.5,1.2,3.0,.400,0.3,1.3,.263,0.9,1.7,.500,.456,0.2,0.2,1.000,0.1,1.5,1.6,1.5,0.7,0.3,0.2,1.5,2.9
Dru Smith,SG,MIA,5,1,13.4,1.0,2.8,.357,0.2,1.2,.167,0.8,1.6,.500,.393,0.0,0.0,,0.2,1.6,1.8,1.0,0.8,0.6,0.2,2.0,2.2
Dru Smith,SG,BRK,10,0,9.1,1.3,3.1,.419,0.4,1.3,.308,0.9,1.8,.500,.484,0.3,0.3,1.000,0.1,1.4,1.5,1.7,0.6,0.1,0.2,1.3,3.3
Ish Smith,PG,DEN,43,0,9.3,1.2,3.0,.397,0.0,0.3,.167,1.2,2.8,.420,.405,0.0,0.1,.500,0.1,1.1,1.3,2.3,0.2,0.2,1.0,0.8,2.5
Jabari Smith Jr.,PF,HOU,79,79,31.0,4.6,11.3,.408,1.5,4.9,.307,3.1,6.3,.487,.475,2.1,2.6,.786,1.5,5.7,7.2,1.3,0.5,0.9,1.3,2.9,12.8
Jalen Smith,PF,IND,68,31,18.8,3.6,7.5,.476,0.8,2.8,.283,2.8,4.7,.593,.530,1.5,2.0,.759,1.9,3.9,5.8,1.0,0.3,0.9,1.1,2.3,9.4
Xavier Sneed,SF,CHO,4,0,12.0,1.3,2.5,.500,0.8,1.5,.500,0.5,1.0,.500,.650,1.0,1.0,1.000,0.0,1.3,1.3,1.3,0.0,0.3,0.8,1.8,4.3
Jeremy Sochan,PF,SAS,56,53,26.0,4.5,9.9,.453,0.6,2.4,.246,3.9,7.5,.519,.483,1.4,2.1,.698,1.7,3.6,5.3,2.5,0.8,0.4,1.7,2.5,11.0
Jaden Springer,SG,PHI,16,2,5.6,1.1,2.2,.486,0.1,0.3,.400,0.9,1.9,.500,.514,0.4,0.5,.750,0.4,0.5,0.9,0.5,0.4,0.2,0.2,0.9,2.6
Lamar Stevens,PF,CLE,62,25,18.1,2.1,4.6,.448,0.5,1.5,.316,1.6,3.1,.513,.500,0.6,0.9,.702,0.8,2.6,3.3,0.5,0.4,0.3,0.4,1.3,5.3
Isaiah Stewart,C,DET,50,47,28.3,3.9,8.8,.442,1.3,4.1,.327,2.6,4.7,.542,.518,2.2,3.0,.738,2.3,5.8,8.1,1.4,0.4,0.7,1.4,2.7,11.3
Max Strus,SF,MIA,80,33,28.4,4.1,9.9,.410,2.5,7.0,.350,1.6,2.8,.559,.535,1.0,1.1,.876,0.6,2.6,3.2,2.1,0.5,0.2,0.9,2.1,11.5
Jalen Suggs,PG,ORL,53,19,23.5,3.5,8.4,.419,1.2,3.8,.327,2.3,4.6,.496,.493,1.6,2.2,.723,1.0,2.0,3.0,2.9,1.3,0.5,1.8,2.3,9.9
Edmond Sumner,SG,BRK,53,12,13.9,2.3,5.1,.461,0.6,1.6,.356,1.8,3.4,.511,.519,1.9,2.0,.917,0.2,1.2,1.5,1.3,0.6,0.2,0.9,1.6,7.1
Cole Swider,SF,LAL,7,0,5.9,0.4,1.3,.333,0.4,1.1,.375,0.0,0.1,.000,.500,0.0,0.0,,0.1,0.9,1.0,0.6,0.0,0.0,0.0,0.4,1.3
Jae'Sean Tate,SF,HOU,31,7,21.8,3.5,7.4,.480,0.4,1.5,.283,3.1,5.9,.530,.509,1.6,2.2,.725,1.3,2.5,3.8,2.7,0.7,0.2,1.5,3.4,9.1
Jayson Tatum,PF,BOS,74,74,36.9,9.8,21.1,.466,3.2,9.3,.350,6.6,11.8,.558,.543,7.2,8.4,.854,1.1,7.7,8.8,4.6,1.1,0.7,2.9,2.2,30.1
Terry Taylor,PF,TOT,31,2,8.5,1.3,2.4,.520,0.2,0.6,.263,1.1,1.8,.607,.553,0.2,0.4,.545,0.9,0.6,1.5,0.3,0.1,0.2,0.3,0.8,2.9
Terry Taylor,PF,IND,26,2,8.8,1.2,2.5,.462,0.2,0.7,.222,1.0,1.8,.553,.492,0.2,0.3,.714,0.8,0.7,1.5,0.4,0.1,0.2,0.3,0.9,2.7
Terry Taylor,PF,CHI,5,0,7.2,1.8,2.0,.900,0.2,0.2,1.000,1.6,1.8,.889,.950,0.2,0.8,.250,1.0,0.6,1.6,0.0,0.0,0.2,0.0,0.4,4.0
Garrett Temple,SG,NOP,25,0,6.5,0.7,1.8,.400,0.4,1.0,.423,0.3,0.8,.368,.522,0.1,0.2,.750,0.2,0.5,0.7,0.5,0.4,0.1,0.2,0.6,2.0
Dalen Terry,SG,CHI,38,0,5.6,0.8,1.9,.444,0.2,0.7,.259,0.7,1.2,.556,.493,0.4,0.6,.667,0.3,0.7,1.0,0.6,0.3,0.1,0.2,0.6,2.2
Daniel Theis,C,IND,7,1,15.6,3.0,6.3,.477,0.3,1.6,.182,2.7,4.7,.576,.500,0.7,1.7,.417,1.0,2.1,3.1,1.3,0.3,0.9,0.4,1.0,7.0
Cam Thomas,SG,BRK,57,4,16.6,3.5,8.0,.441,0.9,2.3,.383,2.6,5.7,.464,.497,2.6,3.1,.868,0.1,1.5,1.7,1.4,0.4,0.1,1.1,1.0,10.6
Klay Thompson,SG,GSW,69,69,33.0,7.9,18.1,.436,4.4,10.6,.412,3.6,7.6,.470,.556,1.7,1.9,.879,0.6,3.6,4.1,2.4,0.7,0.4,1.8,1.9,21.9
JT Thor,PF,CHO,69,8,14.0,1.4,3.4,.399,0.6,1.8,.317,0.8,1.7,.487,.481,0.5,0.7,.702,0.5,1.7,2.2,0.5,0.3,0.3,0.6,1.0,3.8
Matisse Thybulle,SG,TOT,71,28,16.9,1.5,3.6,.435,0.8,2.1,.365,0.8,1.5,.533,.542,0.3,0.4,.679,0.6,1.4,2.0,0.7,1.2,0.5,0.3,1.6,4.1
Matisse Thybulle,SG,PHI,49,6,12.1,1.0,2.4,.431,0.4,1.3,.333,0.6,1.1,.547,.522,0.2,0.2,.750,0.4,0.9,1.3,0.5,0.9,0.3,0.2,1.3,2.7
Matisse Thybulle,SG,POR,22,22,27.7,2.7,6.2,.438,1.5,3.9,.388,1.2,2.4,.519,.558,0.5,0.7,.625,0.9,2.6,3.5,1.4,1.7,0.8,0.7,2.2,7.4
Xavier Tillman,PF,MEM,61,29,19.3,3.1,5.0,.614,0.1,0.2,.267,3.0,4.8,.632,.621,0.8,1.5,.551,2.0,3.0,5.0,1.6,1.0,0.5,0.7,1.6,7.0
Isaiah Todd,PF,WAS,6,1,10.2,0.5,3.2,.158,0.2,1.7,.100,0.3,1.5,.222,.184,0.3,0.3,1.000,0.3,1.7,2.0,0.7,0.2,0.0,0.3,0.7,1.5
Obi Toppin,PF,NYK,67,5,15.7,2.8,6.3,.446,1.3,3.7,.344,1.5,2.6,.593,.548,0.6,0.7,.809,0.4,2.4,2.8,1.0,0.3,0.2,0.6,1.0,7.4
Juan Toscano-Anderson,SF,TOT,52,9,13.5,1.2,2.8,.448,0.2,0.8,.186,1.1,1.9,.560,.476,0.4,0.5,.792,0.5,1.8,2.4,1.3,0.3,0.2,0.7,1.5,3.0
Juan Toscano-Anderson,SF,LAL,30,7,12.2,1.1,2.2,.500,0.1,0.7,.200,1.0,1.5,.630,.530,0.4,0.5,.733,0.5,1.6,2.0,0.8,0.3,0.2,0.6,1.5,2.7
Juan Toscano-Anderson,SF,UTA,22,2,15.2,1.4,3.5,.403,0.2,1.0,.174,1.2,2.5,.500,.429,0.4,0.4,.889,0.6,2.2,2.9,1.8,0.3,0.1,0.8,1.5,3.4
Karl-Anthony Towns,PF,MIN,29,29,33.0,7.3,14.8,.495,2.1,5.7,.366,5.2,9.1,.576,.565,4.1,4.7,.874,1.7,6.5,8.1,4.8,0.7,0.6,3.0,3.8,20.8
Gary Trent Jr.,SG,TOR,66,44,32.1,6.1,14.2,.433,2.5,6.8,.369,3.6,7.3,.493,.522,2.6,3.1,.839,0.5,2.2,2.6,1.6,1.6,0.2,0.8,1.5,17.4
P.J. Tucker,PF,PHI,75,75,25.6,1.3,3.0,.427,0.7,1.9,.393,0.5,1.1,.482,.549,0.3,0.3,.826,1.3,2.7,3.9,0.8,0.5,0.2,0.6,2.4,3.5
Myles Turner,C,IND,62,62,29.4,6.5,11.8,.548,1.5,4.0,.373,5.0,7.8,.638,.612,3.5,4.5,.783,1.4,6.1,7.5,1.4,0.6,2.3,1.7,3.5,18.0
Stanley Umude,SG,DET,1,0,2.0,0.0,1.0,.000,0.0,1.0,.000,0.0,0.0,,.000,2.0,2.0,1.000,0.0,0.0,0.0,0.0,1.0,1.0,0.0,0.0,2.0
Jonas Valanciunas,C,NOP,79,79,24.9,5.6,10.3,.547,0.5,1.4,.349,5.2,8.9,.577,.570,2.3,2.8,.826,2.8,7.3,10.2,1.8,0.3,0.7,2.0,3.1,14.1
Jarred Vanderbilt,PF,TOT,78,65,24.1,3.2,5.8,.548,0.4,1.2,.322,2.8,4.6,.604,.580,1.2,1.8,.691,2.2,5.3,7.5,2.4,1.1,0.3,1.2,2.4,7.9
Jarred Vanderbilt,PF,UTA,52,41,24.1,3.3,6.0,.556,0.4,1.1,.333,3.0,4.9,.606,.587,1.3,2.0,.657,2.3,5.5,7.9,2.7,1.0,0.3,1.3,2.6,8.3
Jarred Vanderbilt,PF,LAL,26,24,24.0,2.8,5.4,.529,0.4,1.3,.303,2.5,4.1,.598,.564,1.1,1.4,.784,1.9,4.8,6.7,1.6,1.2,0.2,1.1,2.2,7.2
Fred VanVleet,PG,TOR,69,69,36.7,6.3,16.1,.393,3.0,8.8,.342,3.3,7.3,.455,.486,3.7,4.1,.898,0.4,3.6,4.1,7.2,1.8,0.6,2.0,2.8,19.3
Devin Vassell,SG,SAS,38,32,31.0,6.9,15.7,.439,2.7,7.0,.387,4.2,8.7,.480,.525,2.1,2.6,.780,0.2,3.7,3.9,3.6,1.1,0.4,1.5,1.5,18.5
Gabe Vincent,PG,MIA,68,34,25.9,3.4,8.3,.402,1.7,5.1,.334,1.6,3.2,.512,.505,1.0,1.1,.872,0.4,1.7,2.1,2.5,0.9,0.1,1.4,2.3,9.4
Noah Vonleh,C,BOS,23,1,7.4,0.5,1.0,.458,0.0,0.2,.250,0.4,0.9,.500,.479,0.1,0.1,1.000,0.8,1.3,2.1,0.3,0.1,0.3,0.5,1.5,1.1
Nikola Vucevic,C,CHI,82,82,33.5,7.3,14.0,.520,1.5,4.2,.349,5.8,9.8,.594,.573,1.6,1.9,.835,1.9,9.1,11.0,3.2,0.7,0.7,1.7,2.2,17.6
Dean Wade,PF,CLE,44,13,20.3,1.7,4.0,.412,1.0,2.9,.354,0.6,1.1,.560,.540,0.3,0.5,.652,0.5,3.0,3.4,0.8,0.6,0.5,0.4,2.0,4.7
Franz Wagner,SF,ORL,80,80,32.6,6.8,14.0,.485,1.6,4.5,.361,5.2,9.5,.544,.543,3.4,4.0,.842,0.9,3.2,4.1,3.5,1.0,0.2,2.1,2.3,18.6
Moritz Wagner,C,ORL,57,18,19.5,3.5,6.9,.500,0.9,2.9,.313,2.6,4.1,.631,.564,2.7,3.2,.841,1.2,3.3,4.5,1.5,0.6,0.2,1.2,2.4,10.5
Ish Wainright,SF,PHO,60,2,15.3,1.4,3.8,.370,1.0,2.9,.329,0.5,0.9,.500,.496,0.4,0.5,.839,0.8,1.6,2.3,0.9,0.6,0.4,0.4,2.0,4.2
Jabari Walker,SF,POR,56,0,11.1,1.5,3.5,.419,0.3,1.0,.286,1.2,2.5,.472,.460,0.6,0.8,.756,0.9,1.5,2.3,0.6,0.2,0.2,0.5,1.2,3.9
Kemba Walker,PG,DAL,9,1,16.0,2.7,6.3,.421,0.8,3.1,.250,1.9,3.2,.586,.482,1.9,2.3,.810,0.3,1.4,1.8,2.1,0.2,0.2,0.4,1.2,8.0
Lonnie Walker IV,SG,LAL,56,32,23.2,4.2,9.4,.448,1.6,4.4,.365,2.6,5.0,.522,.534,1.6,1.9,.858,0.3,1.7,1.9,1.1,0.5,0.3,0.8,1.3,11.7
John Wall,PG,LAC,34,3,22.2,4.1,9.9,.408,1.0,3.2,.303,3.1,6.7,.459,.457,2.3,3.3,.681,0.4,2.3,2.7,5.2,0.8,0.4,2.4,1.7,11.4
T.J. Warren,PF-SF,TOT,42,0,16.4,3.1,6.4,.489,0.5,1.6,.328,2.6,4.8,.542,.530,0.7,0.8,.800,0.6,2.3,2.9,1.0,0.5,0.3,0.5,1.5,7.5
T.J. Warren,PF,BRK,26,0,18.8,3.9,7.7,.510,0.6,1.8,.333,3.3,5.8,.566,.550,1.0,1.3,.818,0.5,2.3,2.8,1.1,0.6,0.3,0.7,1.7,9.5
T.J. Warren,SF,PHO,16,0,12.3,1.9,4.4,.429,0.4,1.2,.316,1.5,3.2,.471,.471,0.1,0.1,.500,0.8,2.3,3.1,0.7,0.4,0.3,0.2,1.3,4.2
Duane Washington Jr.,SG,PHO,31,3,12.7,3.0,8.3,.367,1.3,3.6,.360,1.7,4.7,.372,.445,0.5,0.8,.667,0.1,1.1,1.2,2.0,0.2,0.1,1.1,0.7,7.9
P.J. Washington,PF,CHO,73,73,32.6,5.9,13.4,.444,2.0,5.9,.348,3.9,7.5,.518,.520,1.7,2.4,.730,1.0,3.9,4.9,2.4,0.9,1.1,1.5,2.6,15.7
TyTy Washington Jr.,PG,HOU,31,2,14.0,1.9,5.2,.363,0.6,2.6,.238,1.3,2.6,.488,.422,0.3,0.6,.556,0.1,1.4,1.5,1.5,0.5,0.1,0.5,0.9,4.7
Yuta Watanabe,SF,BRK,58,1,16.0,2.0,4.0,.491,1.0,2.3,.444,0.9,1.7,.557,.621,0.6,0.8,.723,0.5,1.9,2.4,0.8,0.4,0.3,0.4,1.4,5.6
Lindy Waters III,SG,OKC,41,0,13.0,1.7,4.3,.393,1.4,4.0,.358,0.3,0.4,.750,.556,0.4,0.5,.800,0.4,1.4,1.8,0.7,0.3,0.3,0.2,1.0,5.2
Trendon Watford,PF,POR,62,12,19.1,2.9,5.2,.560,0.4,1.0,.391,2.5,4.2,.602,.599,1.2,1.6,.720,0.7,3.2,3.8,2.1,0.5,0.2,1.1,1.9,7.4
Peyton Watson,SG,DEN,23,2,8.1,1.3,2.6,.492,0.3,0.6,.429,1.0,2.0,.511,.542,0.5,0.9,.550,0.3,1.3,1.6,0.5,0.1,0.5,0.3,0.6,3.3
Blake Wesley,SG,SAS,37,1,18.1,1.9,5.8,.321,0.5,1.4,.385,1.3,4.4,.301,.367,0.7,1.2,.591,0.3,1.9,2.2,2.7,0.7,0.1,1.8,1.8,5.0
Russell Westbrook,PG,TOT,73,24,29.1,5.9,13.6,.436,1.2,3.9,.311,4.7,9.7,.487,.481,2.8,4.3,.656,1.2,4.6,5.8,7.5,1.0,0.5,3.5,2.2,15.9
Russell Westbrook,PG,LAL,52,3,28.7,5.8,14.0,.417,1.2,4.1,.296,4.6,9.9,.467,.460,3.0,4.6,.655,1.1,5.0,6.2,7.5,1.0,0.4,3.5,2.3,15.9
Russell Westbrook,PG,LAC,21,21,30.2,6.1,12.5,.489,1.2,3.5,.356,4.9,9.0,.540,.538,2.4,3.6,.658,1.4,3.4,4.9,7.6,1.1,0.5,3.4,2.0,15.8
Coby White,SG,CHI,74,2,23.4,3.6,8.0,.443,1.7,4.6,.372,1.8,3.4,.540,.551,0.8,0.9,.871,0.2,2.6,2.9,2.8,0.7,0.1,1.0,1.6,9.7
Derrick White,SG,BOS,82,70,28.3,4.3,9.2,.462,1.8,4.8,.381,2.5,4.5,.548,.560,2.0,2.3,.875,0.6,2.9,3.6,3.9,0.7,0.9,1.2,2.2,12.4
Jack White,SF,DEN,17,0,3.9,0.5,1.1,.421,0.2,0.5,.333,0.3,0.6,.500,.500,0.1,0.2,.667,0.4,0.6,1.0,0.2,0.2,0.1,0.1,0.5,1.2
Joe Wieskamp,SF,TOR,9,0,5.6,0.3,1.6,.214,0.3,1.3,.250,0.0,0.2,.000,.321,0.0,0.0,,0.0,0.4,0.4,0.3,0.0,0.0,0.1,0.3,1.0
Aaron Wiggins,SG,OKC,70,14,18.5,2.7,5.2,.512,0.7,1.7,.393,2.0,3.4,.573,.579,0.8,1.0,.831,1.0,2.0,3.0,1.1,0.6,0.2,0.8,1.6,6.8
Andrew Wiggins,SF,GSW,37,37,32.2,6.8,14.3,.473,2.4,6.1,.396,4.4,8.2,.530,.557,1.2,1.9,.611,1.6,3.4,5.0,2.3,1.2,0.8,1.3,2.9,17.1
Lindell Wigginton,PG,MIL,7,1,12.4,2.6,5.3,.486,0.9,2.6,.333,1.7,2.7,.632,.568,1.1,1.3,.889,0.0,1.0,1.0,2.0,0.0,0.3,1.7,1.0,7.1
Alondes Williams,SG,BRK,1,0,5.0,0.0,0.0,,0.0,0.0,,0.0,0.0,,,0.0,0.0,,0.0,1.0,1.0,0.0,0.0,0.0,2.0,1.0,0.0
Donovan Williams,SG,ATL,2,0,2.0,1.0,2.5,.400,0.0,1.0,.000,1.0,1.5,.667,.400,0.0,0.0,,0.0,1.0,1.0,0.0,0.0,0.0,0.0,0.0,2.0
Grant Williams,PF,BOS,79,23,25.9,2.7,6.0,.454,1.5,3.7,.395,1.3,2.3,.546,.575,1.2,1.5,.770,1.1,3.5,4.6,1.7,0.5,0.4,1.0,2.4,8.1
Jalen Williams,SG,OKC,75,62,30.3,5.5,10.6,.521,1.0,2.7,.356,4.5,7.9,.579,.567,2.1,2.5,.812,1.1,3.4,4.5,3.3,1.4,0.5,1.6,2.5,14.1
Jaylin Williams,PF,OKC,49,36,18.7,2.1,4.8,.436,0.9,2.3,.407,1.1,2.5,.463,.534,0.8,1.1,.704,0.9,4.0,4.9,1.6,0.6,0.2,0.8,2.3,5.9
Jeenathan Williams,SG,POR,5,4,25.4,4.8,7.8,.615,0.6,1.6,.375,4.2,6.2,.677,.654,0.4,0.6,.667,2.0,1.0,3.0,2.0,0.6,0.4,0.8,2.6,10.6
Kenrich Williams,PF,OKC,53,10,22.8,3.4,6.5,.517,0.9,2.5,.373,2.4,4.0,.608,.590,0.3,0.7,.436,1.8,3.1,4.9,2.0,0.8,0.3,0.6,2.1,8.0
Mark Williams,C,CHO,43,17,19.3,3.7,5.8,.637,0.0,0.0,,3.7,5.8,.637,.637,1.6,2.3,.691,2.2,4.9,7.1,0.4,0.7,1.0,0.9,2.2,9.0
Patrick Williams,PF,CHI,82,65,28.3,3.8,8.3,.464,1.4,3.4,.415,2.4,4.9,.498,.549,1.1,1.3,.857,1.0,3.0,4.0,1.2,0.9,0.9,1.2,1.8,10.2
Robert Williams III,C,BOS,35,20,23.5,3.6,4.9,.747,0.0,0.0,.000,3.6,4.8,.751,.747,0.7,1.2,.610,3.0,5.4,8.3,1.4,0.6,1.4,1.0,1.9,8.0
Vince Williams Jr.,SG,MEM,15,1,7.0,0.8,2.7,.300,0.3,1.9,.143,0.5,0.8,.667,.350,0.1,0.1,1.000,0.3,0.7,1.0,0.3,0.4,0.1,0.3,0.8,2.0
Ziaire Williams,SF,MEM,37,4,15.2,2.3,5.3,.429,0.7,2.6,.258,1.6,2.7,.596,.492,0.5,0.6,.773,0.4,1.7,2.1,0.9,0.4,0.2,1.0,1.6,5.7
Zion Williamson,PF,NOP,29,29,33.0,9.8,16.2,.608,0.2,0.7,.368,9.6,15.5,.618,.615,6.1,8.6,.714,2.0,5.0,7.0,4.6,1.1,0.6,3.4,2.2,26.0
Dylan Windler,SF,CLE,3,0,3.3,0.7,1.0,.667,0.3,0.7,.500,0.3,0.3,1.000,.833,0.0,0.0,,0.0,0.0,0.0,0.3,0.3,0.0,0.3,0.0,1.7
Justise Winslow,SF,POR,29,11,26.8,2.8,6.8,.409,0.5,1.6,.311,2.3,5.3,.438,.444,0.7,1.0,.714,1.7,3.3,5.0,3.4,1.0,0.4,1.5,3.1,6.8
James Wiseman,C,TOT,45,22,19.3,4.2,7.5,.558,0.1,0.4,.200,4.1,7.1,.580,.563,1.5,2.2,.701,1.6,4.3,5.9,0.7,0.2,0.6,1.1,2.4,10.0
James Wiseman,C,GSW,21,0,12.5,2.8,4.5,.628,0.0,0.1,.500,2.8,4.4,.630,.633,1.2,1.8,.684,0.9,2.6,3.5,0.7,0.1,0.3,0.7,1.9,6.9
James Wiseman,C,DET,24,22,25.2,5.4,10.2,.531,0.1,0.8,.167,5.3,9.5,.559,.537,1.8,2.5,.712,2.3,5.8,8.1,0.7,0.2,0.8,1.5,2.9,12.7
Christian Wood,C,DAL,67,17,25.9,5.9,11.5,.515,1.6,4.2,.376,4.3,7.3,.594,.583,3.2,4.2,.772,1.3,6.0,7.3,1.8,0.4,1.1,1.8,2.5,16.6
Delon Wright,PG,WAS,50,14,24.4,2.8,5.8,.474,0.8,2.4,.345,1.9,3.4,.564,.545,1.0,1.2,.867,1.2,2.4,3.6,3.9,1.8,0.3,0.9,1.2,7.4
McKinley Wright IV,PG,DAL,27,1,12.4,1.7,3.6,.469,0.3,1.0,.321,1.4,2.6,.529,.515,0.5,0.7,.684,0.3,1.4,1.7,2.1,0.3,0.2,0.7,0.9,4.2
Gabe York,SG,IND,3,0,18.7,2.7,7.0,.381,2.0,6.0,.333,0.7,1.0,.667,.524,0.7,0.7,1.000,0.0,2.0,2.0,1.7,0.7,0.0,0.0,1.7,8.0
Thaddeus Young,PF,TOR,54,9,14.7,2.0,3.7,.545,0.1,0.6,.176,1.9,3.0,.622,.561,0.3,0.5,.692,1.3,1.8,3.1,1.4,1.0,0.1,0.8,1.6,4.4
Trae Young,PG,ATL,73,73,34.8,8.2,19.0,.429,2.1,6.3,.335,6.1,12.7,.476,.485,7.8,8.8,.886,0.8,2.2,3.0,10.2,1.1,0.1,4.1,1.4,26.2
Omer Yurtseven,C,MIA,9,0,9.2,1.8,3.0,.593,0.3,0.8,.429,1.4,2.2,.650,.648,0.6,0.7,.833,0.9,1.7,2.6,0.2,0.2,0.2,0.4,1.8,4.4
Cody Zeller,C,MIA,15,2,14.5,2.5,3.9,.627,0.0,0.1,.000,2.5,3.8,.649,.627,1.6,2.3,.686,1.7,2.6,4.3,0.7,0.2,0.3,0.9,2.2,6.5
Ivica Zubac,C,LAC,76,76,28.6,4.3,6.8,.634,0.0,0.0,.000,4.3,6.7,.637,.634,2.2,3.1,.697,3.1,6.8,9.9,1.0,0.4,1.3,1.5,2.9,10.8