PLAYER,TEAM,AGE,LT8FT_FIELD_GOALS,LT8FT_FIELD_GOALS_ATTEMPTS,LT8FT_FIELD_GOALS%,8-16FT_FIELD_GOALS,8-16FT_FIELD_GOALS_ATTEMPTS,8-16FT_FIELD_GOALS%,16-24FT_FIELD_GOALS,16-24FT_FIELD_GOALS_ATTEMPTS,16-24FT_FIELD_GOALS%,24+FT_FIELD_GOALS,24+FT_FIELD_GOALS_ATTEMPTS,24+FT_FIELD_GOALS%,BACKCOURT_FIELD_GOALS,BACKCOURT_FIELD_GOALS_ATTEMPTS,BACKCOURT_FIELD_GOALS%
A.J. Lawson,DAL,22,12,19,63.2,0,0,0.0,0,0,0.0,10,25,40.0,0,0,0.0
AJ Green,MIL,23,3,7,42.9,2,4,50.0,4,9,44.4,44,105,41.9,0,0,0.0
AJ Griffin,ATL,19,68,114,59.6,64,120,53.3,15,40,37.5,101,259,39.0,0,0,0.0
Aaron Gordon,DEN,27,340,499,68.1,19,62,30.6,10,27,37.0,60,169,35.5,0,4,0.0
Aaron Holiday,ATL,26,37,79,46.8,10,36,27.8,9,17,52.9,36,88,40.9,0,0,0.0
Aaron Nesmith,IND,23,113,219,51.6,20,45,44.4,4,12,33.3,115,314,36.6,0,0,0.0
Aaron Wiggins,OKC,24,134,229,58.5,4,11,36.4,0,1,0.0,48,121,39.7,0,1,0.0
Admiral Schofield,ORL,26,31,46,67.4,0,2,0.0,0,0,0.0,24,74,32.4,0,0,0.0
Al Horford,BOS,36,69,111,62.2,12,33,36.4,3,11,27.3,144,324,44.4,0,0,0.0
Alec Burks,DET,31,42,84,50.0,37,79,46.8,23,58,39.7,98,238,41.2,0,0,0.0
Aleksej Pokusevski,OKC,21,60,116,51.7,8,23,34.8,2,6,33.3,38,104,36.5,0,0,0.0
Alex Caruso,CHI,29,67,111,60.4,6,19,31.6,3,6,50.0,54,150,36.0,0,0,0.0
Alex Len,SAC,29,14,22,63.6,2,4,50.0,0,2,0.0,0,2,0.0,0,0,0.0
Alize Johnson,SAS,27,3,4,75.0,0,0,0.0,0,0,0.0,0,1,0.0,0,1,0.0
Alondes Williams,BKN,23,0,0,0.0,0,0,0.0,0,0,0.0,0,0,0.0,0,0,0.0
Alperen Sengun,HOU,20,382,645,59.2,37,84,44.0,4,13,30.8,19,56,33.9,0,1,0.0
Amir Coffey,LAC,25,32,66,48.5,10,30,33.3,3,9,33.3,11,39,28.2,0,1,0.0
Andre Drummond,CHI,29,164,263,62.4,2,8,25.0,0,0,0.0,0,3,0.0,0,0,0.0
Andre Iguodala,GSW,39,6,6,100,0,0,0.0,0,0,0.0,1,9,11.1,0,0,0.0
Andrew Nembhard,IND,23,115,195,59.0,57,141,40.4,20,45,44.4,92,262,35.1,0,1,0.0
Andrew Wiggins,GSW,28,116,191,60.7,23,59,39.0,22,54,40.7,89,225,39.6,0,0,0.0
Anfernee Simons,POR,23,157,271,57.9,64,129,49.6,34,83,41.0,212,561,37.8,0,1,0.0
Anthony Davis,LAL,30,402,595,67.6,79,178,44.4,42,115,36.5,19,74,25.7,0,0,0.0
Anthony Edwards,MIN,21,380,658,57.8,59,149,39.6,55,156,35.3,213,575,37.0,0,3,0.0
Anthony Gill,WAS,30,61,87,70.1,6,15,40.0,0,1,0.0,4,29,13.8,0,0,0.0
Anthony Lamb,GSW,25,70,98,71.4,2,10,20.0,3,7,42.9,73,197,37.1,0,2,0.0
Austin Reaves,LAL,24,119,164,72.6,43,84,51.2,11,26,42.3,86,214,40.2,0,2,0.0
Austin Rivers,MIN,30,46,76,60.5,2,10,20.0,0,2,0.0,43,121,35.5,0,0,0.0
Ayo Dosunmu,CHI,23,191,308,62.0,25,51,49.0,6,22,27.3,59,189,31.2,0,0,0.0
Bam Adebayo,MIA,25,383,626,61.2,202,424,47.6,16,52,30.8,1,11,9.1,0,1,0.0
Ben Simmons,BKN,26,113,187,60.4,20,45,44.4,0,1,0.0,0,2,0.0,0,0,0.0
Bennedict Mathurin,IND,20,255,490,52.0,43,108,39.8,15,43,34.9,100,305,32.8,0,5,0.0
Bismack Biyombo,PHX,30,105,169,62.1,14,37,37.8,0,0,0.0,0,0,0.0,0,0,0.0
Blake Griffin,BOS,34,40,63,63.5,0,1,0.0,0,0,0.0,23,66,34.8,0,0,0.0
Blake Wesley,SAS,20,38,106,35.8,6,30,20.0,5,27,18.5,20,51,39.2,0,1,0.0
Boban Marjanovic,HOU,34,36,48,75.0,5,11,45.5,0,0,0.0,0,1,0.0,0,0,0.0
Bobby Portis,MIL,28,191,302,63.2,82,183,44.8,30,62,48.4,95,255,37.3,0,1,0.0
Bogdan Bogdanovic,ATL,30,62,101,61.4,46,94,48.9,19,57,33.3,146,359,40.7,0,0,0.0
Bojan Bogdanovic,DET,34,156,274,56.9,103,191,53.9,27,65,41.5,144,352,40.9,0,0,0.0
Bol Bol,ORL,23,189,255,74.1,33,78,42.3,9,32,28.1,30,113,26.5,0,0,0.0
Bones Hyland,LAC,22,82,172,47.7,19,64,29.7,10,20,50.0,117,315,37.1,0,0,0.0
Bradley Beal,WAS,29,217,352,61.6,91,191,47.6,57,118,48.3,79,217,36.4,0,0,0.0
Brandon Boston Jr.,LAC,21,25,52,48.1,8,23,34.8,6,18,33.3,12,29,41.4,0,0,0.0
Brandon Clarke,MEM,26,185,260,71.2,39,76,51.3,4,7,57.1,1,6,16.7,0,0,0.0
Brandon Ingram,NOP,25,136,228,59.6,141,281,50.2,63,162,38.9,64,164,39.0,0,0,0.0
Braxton Key,DET,26,0,0,0.0,1,1,100,0,0,0.0,0,0,0.0,0,0,0.0
Brook Lopez,MIL,35,264,370,71.4,65,133,48.9,12,33,36.4,136,363,37.5,0,0,0.0
Bruce Brown,DEN,26,223,363,61.4,38,100,38.0,6,24,25.0,91,253,36.0,0,1,0.0
Bruno Fernando,ATL,24,57,100,57.0,1,6,16.7,1,2,50.0,0,4,0.0,0,0,0.0
Bryce McGowens,CHA,20,49,100,49.0,5,17,29.4,0,5,0.0,26,79,32.9,0,1,0.0
Bryn Forbes,MIN,29,7,14,50.0,3,12,25.0,6,11,54.5,14,45,31.1,0,1,0.0
Buddy Boeheim,DET,23,1,1,100,0,1,0.0,0,0,0.0,4,25,16.0,0,0,0.0
Buddy Hield,IND,30,136,240,56.7,23,54,42.6,29,67,43.3,287,676,42.5,0,1,0.0
CJ McCollum,NOP,31,194,371,52.3,128,261,49.0,55,171,32.2,210,541,38.8,0,0,0.0
Cade Cunningham,DET,21,36,79,45.6,21,45,46.7,19,39,48.7,17,60,28.3,0,1,0.0
Caleb Houstan,ORL,20,17,36,47.2,0,1,0.0,3,9,33.3,46,136,33.8,0,0,0.0
Caleb Martin,MIA,27,125,213,58.7,15,35,42.9,30,64,46.9,84,235,35.7,0,1,0.0
Cam Reddish,POR,23,83,136,61.0,10,27,37.0,1,6,16.7,45,141,31.9,0,2,0.0
Cam Thomas,BKN,21,69,125,55.2,54,138,39.1,27,60,45.0,51,133,38.3,0,0,0.0
Cameron Johnson,BKN,27,81,130,62.3,22,52,42.3,17,37,45.9,103,255,40.4,0,0,0.0
Cameron Payne,PHX,28,70,142,49.3,40,101,39.6,10,26,38.5,68,181,37.6,0,3,0.0
Caris LeVert,CLE,28,144,271,53.1,44,126,34.9,5,21,23.8,127,323,39.3,0,1,0.0
Carlik Jones,CHI,25,2,6,33.3,0,0,0.0,1,3,33.3,3,6,50.0,0,0,0.0
Cedi Osman,CLE,28,111,180,61.7,12,30,40.0,0,9,0.0,116,309,37.5,0,2,0.0
Chance Comanche,POR,27,1,2,50.0,0,0,0.0,2,3,66.7,0,0,0.0,0,0,0.0
Charles Bassey,SAS,22,71,104,68.3,10,18,55.6,3,5,60.0,3,8,37.5,0,0,0.0
Chima Moneke,SAC,27,1,2,50.0,0,0,0.0,0,0,0.0,0,0,0.0,-,-,-
Chimezie Metu,SAC,26,109,154,70.8,9,23,39.1,2,4,50.0,9,38,23.7,0,0,0.0
Chris Boucher,TOR,30,180,297,60.6,12,31,38.7,8,13,61.5,61,185,33.0,0,3,0.0
Chris Duarte,IND,25,45,89,50.6,14,40,35.0,9,30,30.0,55,171,32.2,0,3,0.0
Chris Paul,PHX,37,30,68,44.1,116,235,49.4,50,104,48.1,98,260,37.7,0,1,0.0
Chris Silva,DAL,26,1,1,100,0,0,0.0,0,0,0.0,0,0,0.0,0,0,0.0
Christian Braun,DEN,22,103,170,60.6,4,11,36.4,2,12,16.7,34,96,35.4,0,0,0.0
Christian Koloko,TOR,22,64,121,52.9,7,16,43.8,0,1,0.0,1,11,9.1,0,1,0.0
Christian Wood,DAL,27,239,373,64.1,35,70,50.0,18,48,37.5,104,276,37.7,0,2,0.0
Chuma Okeke,ORL,24,15,25,60.0,1,8,12.5,1,4,25.0,26,85,30.6,0,0,0.0
Clint Capela,ATL,28,347,526,66.0,2,7,28.6,1,2,50.0,0,0,0.0,0,1,0.0
Coby White,CHI,23,97,162,59.9,25,57,43.9,15,34,44.1,126,340,37.1,0,1,0.0
Cody Martin,CHA,27,8,15,53.3,2,4,50.0,1,3,33.3,3,14,21.4,0,0,0.0
Cody Zeller,MIA,30,33,47,70.2,4,8,50.0,0,2,0.0,0,2,0.0,0,0,0.0
Cole Anthony,ORL,22,99,198,50.0,72,133,54.1,31,73,42.5,75,206,36.4,0,0,0.0
Cole Swider,LAL,23,0,0,0.0,0,1,0.0,0,0,0.0,3,8,37.5,0,0,0.0
Collin Sexton,UTA,24,148,261,56.7,34,68,50.0,7,17,41.2,48,122,39.3,0,0,0.0
Corey Kispert,WAS,24,116,168,69.0,11,28,39.3,2,7,28.6,161,381,42.3,1,1,100
Cory Joseph,DET,31,49,92,53.3,22,52,42.3,9,28,32.1,70,179,39.1,0,0,0.0
D'Angelo Russell,LAL,27,137,219,62.6,76,159,47.8,39,82,47.6,193,488,39.5,0,0,0.0
Daishen Nix,HOU,21,39,86,45.3,1,6,16.7,1,5,20.0,40,137,29.2,0,3,0.0
Dalano Banton,TOR,23,37,57,64.9,2,12,16.7,1,10,10.0,15,50,30.0,0,1,0.0
Dalen Terry,CHI,20,23,40,57.5,0,1,0.0,2,4,50.0,7,27,25.9,0,0,0.0
Damian Jones,UTA,27,43,66,65.2,1,2,50.0,1,1,100,10,16,62.5,0,1,0.0
Damian Lillard,POR,32,239,397,60.2,39,77,50.6,34,70,48.6,244,656,37.2,0,2,0.0
Damion Lee,PHX,30,51,104,49.0,32,72,44.4,7,29,24.1,110,246,44.7,0,1,0.0
Daniel Gafford,WAS,24,277,369,75.1,11,20,55.0,1,6,16.7,0,0,0.0,0,0,0.0
Daniel Theis,IND,31,17,26,65.4,2,7,28.6,0,0,0.0,2,10,20.0,0,1,0.0
Danny Green,CLE,35,1,4,25.0,4,7,57.1,1,1,100,16,37,43.2,0,0,0.0
Danuel House Jr.,PHI,29,48,72,66.7,6,8,75.0,2,8,25.0,37,109,33.9,0,0,0.0
Dario Saric,OKC,29,70,115,60.9,10,35,28.6,2,12,16.7,45,115,39.1,0,0,0.0
Darius Bazley,PHX,22,58,112,51.8,5,15,33.3,0,3,0.0,20,53,37.7,0,0,0.0
Darius Days,HOU,23,2,2,100,0,0,0.0,0,0,0.0,3,10,30.0,0,0,0.0
Darius Garland,CLE,23,194,368,52.7,118,235,50.2,41,114,36.0,169,411,41.1,0,1,0.0
David Duke Jr.,BKN,23,32,59,54.2,1,5,20.0,2,2,100,1,12,8.3,0,0,0.0
David Roddy,MEM,22,105,183,57.4,9,19,47.4,1,6,16.7,65,211,30.8,0,1,0.0
Davion Mitchell,SAC,24,87,130,66.9,10,30,33.3,21,42,50.0,63,195,32.3,0,2,0.0
Davis Bertans,DAL,30,11,16,68.8,2,2,100,1,1,100,55,140,39.3,0,1,0.0
Davon Reed,LAL,27,4,12,33.3,2,15,13.3,5,11,45.5,17,46,37.0,0,0,0.0
Day'Ron Sharpe,BKN,21,86,155,55.5,1,4,25.0,0,1,0.0,6,11,54.5,0,0,0.0
De'Aaron Fox,SAC,25,313,455,68.8,186,364,51.1,63,144,43.8,120,367,32.7,0,1,0.0
De'Andre Hunter,ATL,25,130,241,53.9,102,199,51.3,47,96,49.0,100,286,35.0,0,0,0.0
De'Anthony Melton,PHI,24,97,193,50.3,14,36,38.9,10,21,47.6,156,399,39.1,0,2,0.0
DeAndre Jordan,DEN,34,86,111,77.5,1,2,50.0,0,1,0.0,1,1,100,0,0,0.0
DeMar DeRozan,CHI,33,212,325,65.2,201,401,50.1,197,434,45.4,47,142,33.1,0,1,0.0
Dean Wade,CLE,26,26,39,66.7,2,9,22.2,0,3,0.0,45,126,35.7,0,0,0.0
Deandre Ayton,PHX,24,356,510,69.8,125,279,44.8,34,74,45.9,7,24,29.2,0,0,0.0
Dejounte Murray,ATL,26,205,348,58.9,173,377,45.9,102,209,48.8,132,384,34.4,0,1,0.0
Delon Wright,WAS,31,80,132,60.6,10,30,33.3,7,10,70.0,41,115,35.7,0,4,0.0
Deni Avdija,WAS,22,173,302,57.3,10,36,27.8,1,9,11.1,69,231,29.9,0,1,0.0
Dennis Schroder,LAL,29,107,224,47.8,64,136,47.1,25,67,37.3,74,223,33.2,0,0,0.0
Dennis Smith Jr.,CHA,25,127,228,55.7,23,68,33.8,12,46,26.1,24,109,22.0,0,1,0.0
Deonte Burton,SAC,29,0,1,0.0,0,0,0.0,0,0,0.0,0,1,0.0,-,-,-
Dereon Seabron,NOP,22,2,3,66.7,0,2,0.0,0,0,0.0,0,0,0.0,-,-,-
Derrick Jones Jr.,CHI,26,86,145,59.3,2,5,40.0,0,0,0.0,27,80,33.8,0,0,0.0
Derrick Rose,NYK,34,31,63,49.2,8,23,34.8,3,10,30.0,19,63,30.2,0,0,0.0
Derrick White,BOS,28,148,251,59.0,47,98,48.0,6,18,33.3,149,391,38.1,0,0,0.0
Desmond Bane,MEM,24,212,381,55.6,46,98,46.9,26,53,49.1,166,405,41.0,0,2,0.0
Devin Booker,PHX,26,184,307,59.9,163,294,55.4,69,150,46.0,111,316,35.1,0,0,0.0
Devin Vassell,SAS,22,66,119,55.5,47,120,39.2,45,90,50.0,103,262,39.3,0,4,0.0
Devon Dotson,WAS,23,0,3,0.0,0,1,0.0,0,2,0.0,1,4,25.0,0,0,0.0
Devonte' Graham,SAS,28,22,47,46.8,12,24,50.0,8,22,36.4,119,335,35.5,0,3,0.0
Dewayne Dedmon,PHI,33,54,92,58.7,9,17,52.9,2,3,66.7,12,39,30.8,0,0,0.0
Dillon Brooks,MEM,27,157,303,51.8,73,179,40.8,19,70,27.1,143,437,32.7,0,2,0.0
Domantas Sabonis,SAC,26,488,737,66.2,34,64,53.1,24,54,44.4,31,82,37.8,0,1,0.0
Dominick Barlow,SAS,19,39,63,61.9,5,16,31.3,2,3,66.7,0,4,0.0,0,0,0.0
Donovan Mitchell,CLE,26,278,445,62.5,97,179,54.2,59,143,41.3,245,629,39.0,0,6,0.0
Donovan Williams,ATL,21,2,3,66.7,0,0,0.0,-,-,-,0,2,0.0,-,-,-
Donte DiVincenzo,GSW,26,75,131,57.3,7,21,33.3,3,11,27.3,150,376,39.9,0,1,0.0
Dorian Finney-Smith,BKN,29,80,151,53.0,0,8,0.0,3,7,42.9,113,333,33.9,0,2,0.0
Doug McDermott,SAS,31,91,158,57.6,20,47,42.6,5,20,25.0,123,297,41.4,0,1,0.0
Draymond Green,GSW,33,192,297,64.6,15,35,42.9,3,11,27.3,40,129,31.0,0,2,0.0
Drew Eubanks,POR,26,172,248,69.4,32,60,53.3,3,8,37.5,7,18,38.9,0,0,0.0
Dru Smith,BKN,25,7,15,46.7,6,10,60.0,0,1,0.0,5,19,26.3,0,0,0.0
Duane Washington Jr.,NYK,23,28,72,38.9,15,43,34.9,11,30,36.7,40,109,36.7,0,2,0.0
Duncan Robinson,MIA,29,17,25,68.0,7,17,41.2,1,4,25.0,63,191,33.0,0,0,0.0
Dwight Powell,DAL,31,195,259,75.3,1,2,50.0,1,3,33.3,0,5,0.0,0,0,0.0
Dylan Windler,CLE,26,1,1,100,0,0,0.0,0,0,0.0,1,2,50.0,0,0,0.0
Dyson Daniels,NOP,20,53,102,52.0,7,18,38.9,0,2,0.0,27,83,32.5,0,3,0.0
Edmond Sumner,BKN,27,80,154,51.9,6,17,35.3,7,11,63.6,31,87,35.6,0,0,0.0
Eric Gordon,LAC,34,136,238,57.1,22,55,40.0,1,4,25.0,132,354,37.3,0,2,0.0
Eugene Omoruyi,DET,26,74,128,57.8,2,8,25.0,0,3,0.0,25,88,28.4,0,1,0.0
Evan Fournier,NYK,30,10,23,43.5,9,21,42.9,2,8,25.0,35,113,31.0,0,1,0.0
Evan Mobley,CLE,21,418,637,65.6,69,174,39.7,16,34,47.1,22,102,21.6,0,0,0.0
Facundo Campazzo,DAL,32,0,2,0.0,0,0,0.0,0,0,0.0,3,11,27.3,0,0,0.0
Frank Jackson,UTA,24,0,1,0.0,0,1,0.0,-,-,-,0,1,0.0,-,-,-
Frank Kaminsky,HOU,30,15,23,65.2,2,5,40.0,1,2,50.0,13,33,39.4,0,0,0.0
Frank Ntilikina,DAL,24,15,38,39.5,6,13,46.2,10,15,66.7,17,65,26.2,0,1,0.0
Franz Wagner,ORL,21,348,600,58.0,47,120,39.2,17,38,44.7,130,356,36.5,0,4,0.0
Fred VanVleet,TOR,29,128,267,47.9,51,126,40.5,52,114,45.6,206,598,34.4,0,7,0.0
Furkan Korkmaz,PHI,25,24,47,51.1,4,10,40.0,2,8,25.0,18,45,40.0,0,1,0.0
Gabe Vincent,MIA,26,53,110,48.2,35,72,48.6,23,35,65.7,117,350,33.4,0,0,0.0
Gabe York,IND,29,2,3,66.7,0,0,0.0,0,0,0.0,6,18,33.3,0,0,0.0
Garrett Temple,NOP,36,7,15,46.7,0,2,0.0,0,2,0.0,11,25,44.0,0,1,0.0
Garrison Mathews,ATL,26,8,15,53.3,1,4,25.0,1,2,50.0,63,180,35.0,0,0,0.0
Gary Harris,ORL,28,38,69,55.1,1,8,12.5,5,12,41.7,94,218,43.1,0,0,0.0
Gary Payton II,GSW,30,27,40,67.5,1,3,33.3,0,0,0.0,13,26,50.0,0,0,0.0
Gary Trent Jr.,TOR,24,117,195,60.0,69,149,46.3,52,140,37.1,167,451,37.0,0,0,0.0
George Hill,IND,36,29,47,61.7,8,13,61.5,7,12,58.3,33,89,37.1,1,5,20.0
Georges Niang,PHI,29,57,94,60.6,10,22,45.5,1,2,50.0,154,384,40.1,0,0,0.0
Giannis Antetokounmpo,MIL,28,573,853,67.2,48,146,32.9,39,108,36.1,47,171,27.5,0,0,0.0
Goga Bitadze,ORL,23,62,93,66.7,1,5,20.0,0,1,0.0,6,26,23.1,0,0,0.0
Goran Dragic,MIL,36,52,96,54.2,24,70,34.3,14,25,56.0,51,144,35.4,0,0,0.0
Gordon Hayward,CHA,33,102,158,64.6,79,161,49.1,43,102,42.2,52,160,32.5,0,0,0.0
Gorgui Dieng,SAS,33,14,22,63.6,7,14,50.0,3,6,50.0,21,75,28.0,0,0,0.0
Grant Williams,BOS,24,88,146,60.3,12,36,33.3,1,4,25.0,115,288,39.9,0,2,0.0
Grayson Allen,MIL,27,84,146,57.5,15,42,35.7,0,3,0.0,146,366,39.9,0,0,0.0
Greg Brown III,POR,21,10,18,55.6,0,1,0.0,0,2,0.0,1,7,14.3,0,0,0.0
Hamidou Diallo,DET,24,171,261,65.5,26,66,39.4,13,27,48.1,5,20,25.0,0,1,0.0
Harrison Barnes,SAC,30,208,359,57.9,32,73,43.8,2,6,33.3,132,351,37.6,0,2,0.0
Haywood Highsmith,MIA,26,48,77,62.3,5,22,22.7,3,8,37.5,37,109,33.9,0,0,0.0
Herbert Jones,NOP,24,171,297,57.6,4,18,22.2,4,20,20.0,56,165,33.9,0,1,0.0
Immanuel Quickley,NYK,23,142,254,55.9,92,177,52.0,17,51,33.3,168,453,37.1,0,1,0.0
Isaac Okoro,CLE,22,110,174,63.2,3,8,37.5,0,1,0.0,62,171,36.3,0,0,0.0
Isaiah Hartenstein,NYK,24,143,234,61.1,24,55,43.6,0,1,0.0,8,37,21.6,0,0,0.0
Isaiah Jackson,IND,21,167,276,60.5,4,20,20.0,6,8,75.0,2,14,14.3,0,0,0.0
Isaiah Joe,OKC,23,30,50,60.0,15,26,57.7,18,39,46.2,161,392,41.1,0,1,0.0
Isaiah Livers,DET,24,26,38,68.4,9,26,34.6,11,22,50.0,74,199,37.2,0,3,0.0
Isaiah Mobley,CLE,23,7,16,43.8,2,3,66.7,0,1,0.0,3,8,37.5,0,0,0.0
Isaiah Roby,NYK,25,40,73,54.8,7,15,46.7,2,7,28.6,18,60,30.0,0,0,0.0
Isaiah Stewart,DET,21,120,224,53.6,2,5,40.0,6,7,85.7,67,205,32.7,0,0,0.0
Isaiah Todd,WAS,21,2,6,33.3,0,2,0.0,0,1,0.0,1,10,10.0,0,0,0.0
Ish Smith,DEN,34,19,36,52.8,13,37,35.1,19,47,40.4,1,11,9.1,0,0,0.0
Ish Wainright,PHX,28,24,48,50.0,3,5,60.0,0,1,0.0,57,170,33.5,0,3,0.0
Ivica Zubac,LAC,26,307,476,64.5,18,34,52.9,1,2,50.0,0,1,0.0,0,1,0.0
JD Davison,BOS,20,3,5,60.0,2,6,33.3,1,1,100,2,7,28.6,0,0,0.0
JT Thor,CHA,20,38,73,52.1,15,33,45.5,3,9,33.3,39,123,31.7,0,0,0.0
Ja Morant,MEM,23,343,620,55.3,117,264,44.3,14,30,46.7,91,295,30.8,1,5,20.0
JaMychal Green,GSW,32,89,127,70.1,3,7,42.9,2,7,28.6,42,111,37.8,0,0,0.0
JaVale McGee,DAL,35,75,112,67.0,3,8,37.5,0,1,0.0,2,4,50.0,0,0,0.0
Jabari Smith Jr.,HOU,19,151,266,56.8,60,138,43.5,33,97,34.0,120,390,30.8,0,1,0.0
Jabari Walker,POR,20,56,111,50.5,7,22,31.8,4,9,44.4,16,56,28.6,0,0,0.0
Jack White,DEN,25,5,10,50.0,0,0,0.0,0,0,0.0,3,9,33.3,0,0,0.0
Jacob Gilyard,MEM,24,0,0,0.0,0,0,0.0,0,0,0.0,1,3,33.3,0,0,0.0
Jaden Hardy,DAL,20,67,134,50.0,9,23,39.1,7,21,33.3,62,153,40.5,1,2,50.0
Jaden Ivey,DET,21,206,414,49.8,44,132,33.3,39,88,44.3,120,347,34.6,0,2,0.0
Jaden McDaniels,MIN,22,209,327,63.9,46,97,47.4,11,28,39.3,104,261,39.8,0,3,0.0
Jaden Springer,PHI,20,11,19,57.9,4,9,44.4,0,2,0.0,2,5,40.0,0,0,0.0
Jae Crowder,MIL,32,10,15,66.7,9,19,47.4,2,5,40.0,24,55,43.6,0,0,0.0
Jae'Sean Tate,HOU,27,91,167,54.5,5,13,38.5,2,4,50.0,12,44,27.3,0,1,0.0
Jake LaRavia,MEM,21,11,22,50.0,2,2,100,0,0,0.0,24,70,34.3,0,1,0.0
Jakob Poeltl,TOR,27,320,473,67.7,69,143,48.3,0,1,0.0,0,0,0.0,0,1,0.0
Jalen Brunson,NYK,26,235,434,54.1,170,345,49.3,51,97,52.6,131,319,41.1,0,0,0.0
Jalen Duren,DET,19,248,368,67.4,10,27,37.0,0,1,0.0,0,2,0.0,0,0,0.0
Jalen Green,HOU,21,267,528,50.6,63,144,43.8,49,133,36.8,187,549,34.1,0,5,0.0
Jalen Johnson,ATL,21,113,177,63.8,10,26,38.5,5,15,33.3,30,101,29.7,0,3,0.0
Jalen McDaniels,PHI,25,166,299,55.5,34,76,44.7,4,10,40.0,77,232,33.2,0,0,0.0
Jalen Smith,IND,23,171,260,65.8,7,31,22.6,10,26,38.5,54,191,28.3,0,0,0.0
Jalen Suggs,ORL,21,92,165,55.8,13,43,30.2,15,34,44.1,66,200,33.0,0,2,0.0
Jalen Williams,OKC,22,284,463,61.3,43,88,48.9,14,38,36.8,73,203,36.0,0,2,0.0
Jamal Cain,MIA,24,27,40,67.5,3,6,50.0,0,0,0.0,7,19,36.8,0,1,0.0
Jamal Murray,DEN,26,167,297,56.2,77,167,46.1,57,145,39.3,172,424,40.6,0,8,0.0
Jamaree Bouyea,WAS,23,4,7,57.1,0,0,0.0,0,1,0.0,2,6,33.3,0,0,0.0
James Bouknight,CHA,22,26,56,46.4,5,19,26.3,5,9,55.6,33,108,30.6,0,1,0.0
James Harden,PHI,33,145,281,51.6,46,107,43.0,19,36,52.8,161,418,38.5,0,0,0.0
James Johnson,IND,36,15,28,53.6,2,3,66.7,2,3,66.7,3,15,20.0,0,0,0.0
James Wiseman,DET,22,162,247,65.6,18,53,34.0,5,19,26.3,4,20,20.0,0,0,0.0
Jared Butler,OKC,22,8,15,53.3,0,3,0.0,0,0,0.0,7,14,50.0,0,0,0.0
Jared Rhoden,DET,23,8,15,53.3,4,7,57.1,0,2,0.0,5,20,25.0,0,0,0.0
Jaren Jackson Jr.,MEM,23,289,474,61.0,25,61,41.0,2,6,33.3,100,278,36.0,0,3,0.0
Jarred Vanderbilt,LAL,24,214,336,63.7,3,23,13.0,2,3,66.7,28,89,31.5,0,0,0.0
Jarrell Brantley,UTA,26,4,5,80.0,0,0,0.0,0,0,0.0,4,9,44.4,0,0,0.0
Jarrett Allen,CLE,25,360,517,69.6,37,82,45.1,5,17,29.4,1,10,10.0,0,0,0.0
Jarrett Culver,ATL,24,13,23,56.5,1,2,50.0,2,6,33.3,1,12,8.3,0,0,0.0
Jason Preston,LAC,23,7,11,63.6,5,11,45.5,1,1,100,5,17,29.4,0,1,0.0
Javonte Green,CHI,29,47,69,68.1,1,3,33.3,0,1,0.0,13,35,37.1,0,0,0.0
Jaxson Hayes,NOP,22,78,120,65.0,4,5,80.0,1,2,50.0,3,29,10.3,0,0,0.0
Jay Huff,WAS,25,8,10,80.0,0,2,0.0,1,1,100,6,12,50.0,0,0,0.0
Jay Scrubb,ORL,22,3,5,60.0,0,0,0.0,0,0,0.0,2,2,100,0,0,0.0
Jaylen Brown,BOS,26,369,583,63.3,94,184,51.1,54,130,41.5,162,485,33.4,0,1,0.0
Jaylen Nowell,MIN,23,145,259,56.0,60,114,52.6,9,21,42.9,66,226,29.2,0,5,0.0
Jaylin Williams,OKC,20,36,73,49.3,9,32,28.1,12,17,70.6,45,112,40.2,0,0,0.0
Jayson Tatum,BOS,25,401,647,62.0,52,133,39.1,35,94,37.2,239,685,34.9,0,0,0.0
Jeenathan Williams,POR,24,21,30,70.0,0,0,0.0,0,1,0.0,3,8,37.5,0,0,0.0
Jeff Dowtin Jr.,TOR,25,13,21,61.9,3,11,27.3,4,9,44.4,5,16,31.3,0,0,0.0
Jeff Green,DEN,36,113,176,64.2,13,37,35.1,4,11,36.4,29,101,28.7,1,3,33.3
Jerami Grant,POR,29,213,357,59.7,40,100,40.0,37,99,37.4,144,356,40.4,0,1,0.0
Jeremiah Robinson-Earl,OKC,22,68,123,55.3,3,5,60.0,2,10,20.0,37,110,33.6,0,0,0.0
Jeremy Sochan,SAS,19,176,317,55.5,31,73,42.5,10,28,35.7,33,129,25.6,0,5,0.0
Jericho Sims,NYK,24,80,100,80.0,3,6,50.0,0,0,0.0,0,0,0.0,0,1,0.0
Jevon Carter,MIL,27,36,85,42.4,22,55,40.0,39,88,44.3,142,337,42.1,0,0,0.0
Jimmy Butler,MIA,33,326,536,60.8,97,199,48.7,20,50,40.0,36,102,35.3,0,1,0.0
Jock Landale,PHX,27,142,215,66.0,11,30,36.7,4,8,50.0,21,83,25.3,0,1,0.0
Joe Harris,BKN,31,49,79,62.0,1,10,10.0,9,19,47.4,142,332,42.8,0,0,0.0
Joe Ingles,MIL,35,21,36,58.3,2,4,50.0,2,5,40.0,83,202,41.1,0,1,0.0
Joe Wieskamp,TOR,23,0,2,0.0,0,0,0.0,0,0,0.0,3,12,25.0,0,0,0.0
Joel Embiid,PHI,29,372,557,66.8,201,393,51.1,89,178,50.0,66,195,33.8,0,5,0.0
John Butler Jr.,POR,20,8,13,61.5,0,3,0.0,1,2,50.0,8,35,22.9,0,0,0.0
John Collins,ATL,25,227,331,68.6,45,103,43.7,17,33,51.5,70,240,29.2,0,0,0.0
John Konchar,MEM,27,73,123,59.3,4,15,26.7,1,5,20.0,60,176,34.1,0,1,0.0
John Wall,LAC,32,72,134,53.7,15,39,38.5,18,57,31.6,33,108,30.6,0,1,0.0
Johnny Davis,WAS,21,27,46,58.7,15,38,39.5,7,17,41.2,17,70,24.3,0,0,0.0
Johnny Juzang,UTA,22,10,18,55.6,5,13,38.5,5,10,50.0,15,63,23.8,0,0,0.0
Jonas Valanciunas,NOP,30,333,526,63.3,65,149,43.6,10,32,31.3,38,109,34.9,0,0,0.0
Jonathan Isaac,ORL,25,10,24,41.7,4,9,44.4,2,5,40.0,6,15,40.0,0,0,0.0
Jonathan Kuminga,GSW,20,180,289,62.3,19,43,44.2,8,19,42.1,54,146,37.0,0,0,0.0
Jordan Clarkson,UTA,30,209,364,57.4,89,193,46.1,5,16,31.3,155,455,34.1,0,3,0.0
Jordan Goodwin,WAS,24,79,143,55.2,29,60,48.3,12,32,37.5,38,117,32.5,0,1,0.0
Jordan Hall,SAS,21,3,5,60.0,1,3,33.3,2,5,40.0,3,15,20.0,0,0,0.0
Jordan McLaughlin,MIN,27,27,49,55.1,8,15,53.3,2,3,66.7,24,73,32.9,0,5,0.0
Jordan Nwora,IND,24,82,159,51.6,19,45,42.2,7,30,23.3,86,210,41.0,0,1,0.0
Jordan Poole,GSW,23,252,413,61.0,44,129,34.1,40,99,40.4,214,629,34.0,0,8,0.0
Jordan Schakel,WAS,24,0,1,0.0,0,0,0.0,0,0,0.0,1,1,100,-,-,-
Jose Alvarado,NOP,25,100,187,53.5,17,48,35.4,1,7,14.3,83,244,34.0,0,3,0.0
Josh Christopher,HOU,21,92,154,59.7,38,77,49.4,2,9,22.2,21,89,23.6,0,0,0.0
Josh Giddey,OKC,20,379,682,55.6,77,179,43.0,7,23,30.4,76,233,32.6,0,1,0.0
Josh Green,DAL,22,116,173,67.1,18,35,51.4,3,5,60.0,68,167,40.7,0,2,0.0
Josh Hart,NYK,28,193,293,65.9,18,50,36.0,3,13,23.1,61,164,37.2,0,0,0.0
Josh Minott,MIN,20,16,29,55.2,0,1,0.0,0,0,0.0,2,6,33.3,0,0,0.0
Josh Okogie,PHX,24,82,171,48.0,8,30,26.7,6,16,37.5,66,197,33.5,0,0,0.0
Josh Richardson,NOP,29,52,82,63.4,48,119,40.3,32,60,53.3,107,292,36.6,0,1,0.0
Joshua Primo,SAS,20,2,6,33.3,3,6,50.0,1,2,50.0,3,12,25.0,0,0,0.0
Jrue Holiday,MIL,32,228,377,60.5,62,141,44.0,42,94,44.7,157,403,39.0,1,8,12.5
Juan Toscano-Anderson,UTA,30,48,83,57.8,5,12,41.7,3,5,60.0,8,41,19.5,0,2,0.0
Juancho Hernangomez,TOR,27,31,45,68.9,0,0,0.0,0,2,0.0,17,66,25.8,0,1,0.0
Julian Champagnie,SAS,21,21,38,55.3,2,4,50.0,3,6,50.0,33,82,40.2,0,0,0.0
Julius Randle,NYK,28,288,463,62.2,116,243,47.7,37,91,40.7,217,633,34.3,0,2,0.0
Justin Champagnie,BOS,21,4,10,40.0,0,0,0.0,0,0,0.0,1,5,20.0,0,0,0.0
Justin Holiday,DAL,34,23,33,69.7,1,8,12.5,7,20,35.0,46,143,32.2,0,0,0.0
Justin Jackson,BOS,28,1,3,33.3,1,3,33.3,0,1,0.0,5,20,25.0,0,0,0.0
Justin Minaya,POR,24,3,7,42.9,1,3,33.3,0,1,0.0,3,12,25.0,0,0,0.0
Justise Winslow,POR,27,53,113,46.9,13,33,39.4,1,7,14.3,14,45,31.1,0,0,0.0
Jusuf Nurkic,POR,28,206,358,57.5,9,20,45.0,4,9,44.4,43,118,36.4,0,0,0.0
KZ Okpala,SAC,24,8,14,57.1,0,2,0.0,1,2,50.0,7,20,35.0,0,0,0.0
Kai Jones,CHA,22,60,88,68.2,3,9,33.3,0,4,0.0,4,19,21.1,0,0,0.0
Karl-Anthony Towns,MIN,27,117,186,62.9,19,49,38.8,17,30,56.7,59,163,36.2,0,0,0.0
Kawhi Leonard,LAC,31,145,230,63.0,128,242,52.9,69,149,46.3,104,248,41.9,0,2,0.0
Keegan Murray,SAC,22,118,212,55.7,22,46,47.8,10,25,40.0,204,499,40.9,0,0,0.0
Keita Bates-Diop,SAS,27,164,279,58.8,16,42,38.1,0,2,0.0,56,142,39.4,0,0,0.0
Keldon Johnson,SAS,23,306,544,56.3,58,146,39.7,6,17,35.3,133,404,32.9,0,2,0.0
Kelly Olynyk,UTA,32,154,247,62.3,23,55,41.8,8,19,42.1,93,236,39.4,0,0,0.0
Kelly Oubre Jr.,CHA,27,190,348,54.6,41,103,39.8,14,29,48.3,108,339,31.9,0,0,0.0
Kemba Walker,DAL,32,9,17,52.9,5,7,71.4,3,5,60.0,7,28,25.0,0,0,0.0
Kendall Brown,IND,19,3,5,60.0,1,1,100,0,0,0.0,0,1,0.0,0,0,0.0
Kendrick Nunn,WAS,27,66,122,54.1,31,73,42.5,15,32,46.9,79,222,35.6,0,1,0.0
Kennedy Chandler,MEM,20,27,52,51.9,5,14,35.7,1,2,50.0,2,15,13.3,0,0,0.0
Kenneth Lofton Jr.,MEM,20,39,53,73.6,3,15,20.0,1,8,12.5,6,17,35.3,0,0,0.0
Kenrich Williams,OKC,28,101,154,65.6,17,36,47.2,11,23,47.8,50,133,37.6,0,0,0.0
Kentavious Caldwell-Pope,DEN,30,85,154,55.2,28,59,47.5,45,102,44.1,134,316,42.4,0,1,0.0
Kenyon Martin Jr.,HOU,22,338,492,68.7,4,12,33.3,0,0,0.0,68,215,31.6,0,1,0.0
Keon Ellis,SAC,23,1,1,100,0,2,0.0,0,1,0.0,6,12,50.0,0,0,0.0
Keon Johnson,POR,21,31,64,48.4,5,21,23.8,3,12,25.0,28,80,35.0,0,1,0.0
Kessler Edwards,SAC,22,16,29,55.2,2,3,66.7,1,6,16.7,17,55,30.9,0,0,0.0
Kevin Durant,PHX,34,122,172,70.9,190,317,59.9,78,143,54.5,93,230,40.4,0,0,0.0
Kevin Huerter,SAC,24,148,213,69.5,51,107,47.7,16,37,43.2,205,509,40.3,0,0,0.0
Kevin Knox II,POR,23,67,103,65.0,15,31,48.4,6,13,46.2,64,185,34.6,0,0,0.0
Kevin Love,MIA,34,47,83,56.6,11,28,39.3,9,18,50.0,98,295,33.2,0,0,0.0
Kevin Porter Jr.,HOU,22,164,303,54.1,54,129,41.9,32,67,47.8,141,384,36.7,0,1,0.0
Kevon Harris,ORL,25,31,60,51.7,0,1,0.0,0,3,0.0,16,43,37.2,0,0,0.0
Kevon Looney,GSW,27,228,351,65.0,9,20,45.0,5,12,41.7,0,1,0.0,0,0,0.0
Khem Birch,SAS,30,16,22,72.7,2,7,28.6,0,1,0.0,1,2,50.0,0,0,0.0
Khris Middleton,MIL,31,57,98,58.2,43,92,46.7,26,54,48.1,51,162,31.5,0,0,0.0
Killian Hayes,DET,21,86,186,46.2,103,252,40.9,38,91,41.8,80,286,28.0,0,0,0.0
Kira Lewis Jr.,NOP,22,17,37,45.9,3,9,33.3,5,8,62.5,15,33,45.5,0,1,0.0
Klay Thompson,GSW,33,115,197,58.4,68,173,39.3,62,152,40.8,301,730,41.2,0,0,0.0
Kobi Simmons,CHA,25,0,1,0.0,0,0,0.0,0,0,0.0,1,5,20.0,0,0,0.0
Kris Dunn,UTA,29,77,132,58.3,21,46,45.7,1,2,50.0,17,36,47.2,0,0,0.0
Kristaps Porzingis,WAS,27,223,354,63.0,109,214,50.9,38,94,40.4,137,354,38.7,0,2,0.0
Kyle Anderson,MIN,29,159,284,56.0,48,92,52.2,2,14,14.3,43,104,41.3,0,1,0.0
Kyle Kuzma,WAS,27,282,474,59.5,55,136,40.4,15,51,29.4,158,475,33.3,2,6,33.3
Kyle Lowry,MIA,37,54,101,53.5,25,52,48.1,11,23,47.8,106,308,34.4,0,1,0.0
Kyrie Irving,DAL,31,223,362,61.6,126,235,53.6,57,110,51.8,188,494,38.1,0,2,0.0
LaMelo Ball,CHA,21,104,217,47.9,33,83,39.8,15,38,39.5,144,381,37.8,0,2,0.0
Lamar Stevens,CLE,25,74,131,56.5,23,54,42.6,2,8,25.0,30,95,31.6,0,0,0.0
Landry Shamet,PHX,26,27,57,47.4,7,28,25.0,4,16,25.0,75,198,37.9,0,1,0.0
Larry Nance Jr.,NOP,30,158,224,70.5,11,30,36.7,4,10,40.0,13,41,31.7,0,0,0.0
Lauri Markkanen,UTA,25,308,492,62.6,44,101,43.6,19,41,46.3,200,509,39.3,0,1,0.0
LeBron James,LAL,38,388,580,66.9,49,134,36.6,53,129,41.1,119,376,31.6,0,0,0.0
Leandro Bolmaro,UTA,22,1,11,9.1,2,3,66.7,0,2,0.0,0,4,0.0,0,0,0.0
Lester Quinones,GSW,22,0,1,0.0,0,0,0.0,0,0,0.0,2,4,50.0,0,0,0.0
Lindell Wigginton,MIL,25,7,12,58.3,3,4,75.0,2,3,66.7,6,18,33.3,0,0,0.0
Lindy Waters III,OKC,25,9,13,69.2,2,2,100,1,1,100,58,161,36.0,0,1,0.0
Lonnie Walker IV,LAL,24,109,192,56.8,12,37,32.4,24,49,49.0,91,247,36.8,0,2,0.0
Louis King,PHI,24,2,3,66.7,1,1,100,1,1,100,4,8,50.0,0,0,0.0
Luguentz Dort,OKC,24,183,405,45.2,10,38,26.3,12,22,54.5,134,407,32.9,0,1,0.0
Luka Doncic,DAL,24,346,522,66.3,161,307,52.4,27,80,33.8,185,531,34.8,0,9,0.0
Luka Garza,MIN,24,42,63,66.7,7,13,53.8,0,1,0.0,14,39,35.9,0,0,0.0
Luka Samanic,UTA,23,18,23,78.3,0,2,0.0,0,1,0.0,8,31,25.8,0,0,0.0
Luke Kennard,MEM,26,19,44,43.2,24,44,54.5,12,25,48.0,133,268,49.6,0,1,0.0
Luke Kornet,BOS,27,105,144,72.9,5,13,38.5,0,0,0.0,3,12,25.0,0,1,0.0
Mac McClung,PHI,24,5,7,71.4,0,1,0.0,0,1,0.0,4,11,36.4,0,0,0.0
Malachi Flynn,TOR,24,24,57,42.1,11,27,40.7,5,25,20.0,47,132,35.6,0,1,0.0
Malaki Branham,SAS,19,107,185,57.8,62,120,51.7,23,51,45.1,77,255,30.2,0,0,0.0
Malcolm Brogdon,BOS,30,147,287,51.2,47,93,50.5,28,55,50.9,132,297,44.4,0,0,0.0
Malcolm Hill,CHI,27,1,1,100,0,0,0.0,0,0,0.0,1,3,33.3,-,-,-
Malik Beasley,LAL,26,75,130,57.7,38,95,40.0,24,56,42.9,233,653,35.7,0,3,0.0
Malik Monk,SAC,25,174,299,58.2,26,72,36.1,14,27,51.9,143,396,36.1,0,2,0.0
Mamadi Diakite,CLE,26,13,18,72.2,3,10,30.0,1,1,100,7,21,33.3,0,0,0.0
MarJon Beauchamp,MIL,22,39,71,54.9,6,14,42.9,4,16,25.0,47,141,33.3,0,1,0.0
Marcus Morris Sr.,LAC,33,55,92,59.8,68,157,43.3,39,87,44.8,112,305,36.7,0,2,0.0
Marcus Smart,BOS,29,102,180,56.7,29,64,45.3,4,16,25.0,115,338,34.0,0,4,0.0
Mark Williams,CHA,21,147,228,64.5,11,20,55.0,2,3,66.7,0,0,0.0,0,0,0.0
Markelle Fultz,ORL,24,216,361,59.8,71,153,46.4,35,78,44.9,27,84,32.1,0,3,0.0
Markieff Morris,DAL,33,5,12,41.7,11,23,47.8,3,9,33.3,28,71,39.4,0,0,0.0
Marko Simonovic,CHI,23,1,2,50.0,0,1,0.0,0,0,0.0,1,4,25.0,0,0,0.0
Marvin Bagley III,DET,24,155,246,63.0,24,60,40.0,4,10,40.0,19,64,29.7,0,2,0.0
Mason Plumlee,LAC,33,314,457,68.7,12,22,54.5,3,5,60.0,0,0,0.0,0,0,0.0
Matisse Thybulle,POR,26,54,98,55.1,2,7,28.6,0,0,0.0,54,147,36.7,0,1,0.0
Matt Ryan,MIN,26,5,10,50.0,0,1,0.0,3,13,23.1,32,84,38.1,0,0,0.0
Matthew Dellavedova,SAC,32,5,13,38.5,2,8,25.0,1,2,50.0,9,27,33.3,0,0,0.0
Max Christie,LAL,20,9,23,39.1,5,12,41.7,4,9,44.4,26,62,41.9,0,0,0.0
Max Strus,MIA,27,110,186,59.1,16,32,50.0,1,9,11.1,197,563,35.0,0,0,0.0
Maxi Kleber,DAL,31,33,48,68.8,3,5,60.0,2,4,50.0,39,112,34.8,0,0,0.0
McKinley Wright IV,DAL,24,25,43,58.1,10,20,50.0,2,7,28.6,9,27,33.3,0,1,0.0
Meyers Leonard,MIL,31,7,10,70.0,0,0,0.0,0,1,0.0,7,18,38.9,0,0,0.0
Mfiondu Kabengele,BOS,25,2,3,66.7,0,1,0.0,0,0,0.0,0,3,0.0,0,0,0.0
Micah Potter,UTA,25,6,8,75.0,0,0,0.0,0,0,0.0,4,7,57.1,0,0,0.0
Michael Carter-Williams,ORL,31,4,8,50.0,1,3,33.3,0,0,0.0,1,3,33.3,0,0,0.0
Michael Foster Jr.,PHI,20,0,0,0.0,0,0,0.0,0,0,0.0,-,-,-,-,-,-
Michael Porter Jr.,DEN,24,143,214,66.8,25,58,43.1,42,92,45.7,188,451,41.7,0,2,0.0
Mikal Bridges,BKN,26,208,351,59.3,180,376,47.9,36,98,36.7,169,440,38.4,0,2,0.0
Mike Conley,MIN,35,70,138,50.7,47,103,45.6,10,20,50.0,134,347,38.6,0,2,0.0
Mike Muscala,BOS,31,32,46,69.6,12,27,44.4,6,12,50.0,81,207,39.1,0,0,0.0
Miles McBride,NYK,22,26,48,54.2,6,19,31.6,5,14,35.7,40,133,30.1,0,1,0.0
Mitchell Robinson,NYK,25,187,277,67.5,1,2,50.0,0,1,0.0,0,0,0.0,0,0,0.0
Mo Bamba,LAL,24,62,99,62.6,5,11,45.5,2,7,28.6,48,124,38.7,0,0,0.0
Monte Morris,WAS,27,88,146,60.3,50,97,51.5,32,69,46.4,77,202,38.1,0,1,0.0
Montrezl Harrell,PHI,29,119,181,65.7,6,21,28.6,0,1,0.0,0,5,0.0,0,1,0.0
Moritz Wagner,ORL,26,144,222,64.9,1,6,16.7,2,5,40.0,51,163,31.3,0,0,0.0
Moses Brown,BKN,23,61,95,64.2,0,1,0.0,0,0,0.0,0,0,0.0,0,0,0.0
Moses Moody,GSW,20,52,78,66.7,3,10,30.0,4,4,100,49,134,36.6,0,1,0.0
Moussa Diabate,LAC,21,21,41,51.2,2,4,50.0,0,0,0.0,1,2,50.0,0,0,0.0
Myles Turner,IND,27,252,376,67.0,51,87,58.6,6,22,27.3,93,248,37.5,0,0,0.0
Naji Marshall,NOP,25,142,270,52.6,36,77,46.8,2,5,40.0,67,213,31.5,0,6,0.0
Nassir Little,POR,23,54,93,58.1,8,24,33.3,14,28,50.0,58,156,37.2,0,2,0.0
Nathan Knight,MIN,25,38,58,65.5,0,1,0.0,0,0,0.0,8,22,36.4,0,0,0.0
Naz Reid,MIN,23,217,325,66.8,17,33,51.5,1,2,50.0,75,217,34.6,0,0,0.0
Neemias Queta,SAC,23,6,9,66.7,0,0,0.0,0,0,0.0,0,0,0.0,0,0,0.0
Nerlens Noel,BKN,29,6,16,37.5,4,13,30.8,2,5,40.0,1,2,50.0,0,0,0.0
Nic Claxton,BKN,24,403,561,71.8,11,24,45.8,0,0,0.0,0,2,0.0,0,0,0.0
Nick Richards,CHA,25,190,296,64.2,5,13,38.5,1,3,33.3,1,1,100,0,0,0.0
Nickeil Alexander-Walker,MIN,24,49,92,53.3,9,23,39.1,13,23,56.5,60,155,38.7,0,2,0.0
Nicolas Batum,LAC,34,33,51,64.7,2,6,33.3,1,8,12.5,124,315,39.4,0,1,0.0
Nikola Jokic,DEN,28,470,671,70.0,96,163,58.9,23,39,59.0,57,146,39.0,0,3,0.0
Nikola Jovic,MIA,19,16,24,66.7,2,6,33.3,2,4,50.0,8,35,22.9,0,0,0.0
Nikola Vucevic,CHI,32,335,503,66.6,100,208,48.1,41,90,45.6,121,347,34.9,0,0,0.0
Noah Vonleh,BOS,27,9,18,50.0,1,2,50.0,0,0,0.0,1,4,25.0,0,0,0.0
Norman Powell,LAC,29,178,301,59.1,32,79,40.5,16,44,36.4,114,285,40.0,0,1,0.0
O.G. Anunoby,TOR,25,228,388,58.8,28,80,35.0,24,52,46.2,141,364,38.7,0,1,0.0
Obi Toppin,NYK,25,96,153,62.7,4,16,25.0,2,5,40.0,85,242,35.1,0,3,0.0
Ochai Agbaji,UTA,23,72,128,56.3,8,21,38.1,5,11,45.5,80,225,35.6,0,1,0.0
Olivier Sarr,OKC,24,12,20,60.0,2,2,100,0,0,0.0,1,8,12.5,0,0,0.0
Omer Yurtseven,MIA,24,12,17,70.6,1,3,33.3,0,0,0.0,3,7,42.9,0,0,0.0
Onyeka Okongwu,ATL,22,277,407,68.1,21,40,52.5,15,37,40.5,4,12,33.3,0,1,0.0
Orlando Robinson,MIA,22,47,78,60.3,0,4,0.0,0,2,0.0,0,5,0.0,0,0,0.0
Oshae Brissett,IND,24,71,150,47.3,4,8,50.0,0,6,0.0,48,155,31.0,0,0,0.0
Otto Porter Jr.,TOR,29,6,6,100,1,2,50.0,2,5,40.0,6,17,35.3,0,0,0.0
Ousmane Dieng,OKC,19,45,68,66.2,3,11,27.3,2,6,33.3,26,94,27.7,0,2,0.0
P.J. Tucker,PHI,37,31,65,47.7,7,16,43.8,3,4,75.0,55,140,39.3,0,0,0.0
P.J. Washington,CHA,24,220,385,57.1,46,105,43.8,19,60,31.7,149,427,34.9,0,1,0.0
PJ Dozier,SAC,26,4,7,57.1,1,5,20.0,3,5,60.0,2,15,13.3,0,1,0.0
Paolo Banchero,ORL,20,272,514,52.9,72,182,39.6,50,141,35.5,85,284,29.9,0,1,0.0
Pascal Siakam,TOR,29,339,551,61.5,134,305,43.9,64,171,37.4,93,283,32.9,0,3,0.0
Pat Connaughton,MIL,30,52,92,56.5,2,5,40.0,2,2,100,109,322,33.9,0,0,0.0
Patrick Baldwin Jr.,GSW,20,9,15,60.0,1,7,14.3,1,3,33.3,32,84,38.1,0,0,0.0
Patrick Beverley,CHI,34,53,96,55.2,8,21,38.1,3,4,75.0,80,237,33.8,0,2,0.0
Patrick Williams,CHI,21,133,239,55.6,38,93,40.9,28,68,41.2,115,277,41.5,0,0,0.0
Patty Mills,BKN,34,15,23,65.2,5,18,27.8,17,34,50.0,49,133,36.8,0,1,0.0
Paul George,LAC,33,172,273,63.0,65,148,43.9,64,157,40.8,158,422,37.4,0,4,0.0
Paul Reed,PHI,23,116,183,63.4,4,14,28.6,3,6,50.0,1,6,16.7,0,0,0.0
Payton Pritchard,BOS,25,33,65,50.8,7,13,53.8,5,13,38.5,56,151,37.1,0,3,0.0
Peyton Watson,DEN,20,21,39,53.8,2,6,33.3,0,0,0.0,6,14,42.9,0,0,0.0
Precious Achiuwa,TOR,23,155,247,62.8,11,44,25.0,1,5,20.0,29,107,27.1,0,1,0.0
Quentin Grimes,NYK,22,119,175,68.0,3,13,23.1,4,11,36.4,156,403,38.7,0,0,0.0
Quenton Jackson,WAS,24,15,26,57.7,1,1,100,2,3,66.7,1,12,8.3,0,0,0.0
R.J. Hampton,DET,22,45,84,53.6,14,28,50.0,2,9,22.2,41,116,35.3,0,0,0.0
RJ Barrett,NYK,22,328,623,52.6,54,136,39.7,9,31,29.0,119,386,30.8,0,0,0.0
RaiQuan Gray,BKN,23,4,7,57.1,0,0,0.0,0,0,0.0,2,5,40.0,0,0,0.0
Raul Neto,CLE,30,33,50,66.0,11,14,78.6,1,4,25.0,12,41,29.3,0,1,0.0
Reggie Bullock,DAL,32,33,51,64.7,6,13,46.2,2,9,22.2,151,397,38.0,0,0,0.0
Reggie Jackson,DEN,33,104,195,53.3,37,91,40.7,26,66,39.4,95,287,33.1,1,1,100
Richaun Holmes,SAC,29,42,64,65.6,8,17,47.1,0,0,0.0,5,8,62.5,0,0,0.0
Ricky Rubio,CLE,32,12,38,31.6,24,49,49.0,4,9,44.4,21,81,25.9,0,1,0.0
Robert Covington,LAC,32,46,79,58.2,1,11,9.1,1,3,33.3,54,136,39.7,0,0,0.0
Robert Williams III,BOS,25,124,156,79.5,3,11,27.3,0,2,0.0,0,1,0.0,0,0,0.0
Robin Lopez,CLE,35,36,56,64.3,8,12,66.7,2,3,66.7,2,4,50.0,0,0,0.0
Rodney McGruder,DET,31,18,39,46.2,3,15,20.0,1,2,50.0,40,96,41.7,0,0,0.0
Romeo Langford,SAS,23,78,143,54.5,23,47,48.9,4,8,50.0,16,61,26.2,0,0,0.0
Ron Harper Jr.,TOR,23,5,7,71.4,0,0,0.0,0,0,0.0,3,9,33.3,0,0,0.0
Royce O'Neale,BKN,29,59,152,38.8,7,19,36.8,1,4,25.0,162,415,39.0,0,3,0.0
Rudy Gay,UTA,36,35,62,56.5,26,64,40.6,15,31,48.4,33,130,25.4,0,1,0.0
Rudy Gobert,MIN,30,356,522,68.2,4,19,21.1,0,2,0.0,0,1,0.0,0,2,0.0
Rui Hachimura,LAL,25,136,229,59.4,57,118,48.3,40,77,51.9,51,160,31.9,0,0,0.0
Russell Westbrook,LAC,34,268,506,53.0,56,125,44.8,19,74,25.7,89,285,31.2,0,1,0.0
Ryan Arcidiacono,POR,29,1,5,20.0,0,7,0.0,0,2,0.0,8,23,34.8,0,0,0.0
Ryan Rollins,GSW,20,4,10,40.0,0,1,0.0,0,0,0.0,3,9,33.3,0,0,0.0
Saben Lee,PHX,23,34,78,43.6,3,7,42.9,1,6,16.7,11,30,36.7,0,0,0.0
Saddiq Bey,ATL,24,171,314,54.5,20,63,31.7,11,41,26.8,151,411,36.7,0,7,0.0
Sam Hauser,BOS,25,36,48,75.0,3,7,42.9,1,6,16.7,140,333,42.0,0,2,0.0
Sam Merrill,CLE,26,3,3,100,0,0,0.0,1,1,100,5,18,27.8,0,0,0.0
Sandro Mamukelashvili,SAS,23,61,110,55.5,6,19,31.6,0,2,0.0,30,99,30.3,0,0,0.0
Santi Aldama,MEM,22,141,223,63.2,8,26,30.8,4,10,40.0,94,265,35.5,0,1,0.0
Scottie Barnes,TOR,21,311,547,56.9,58,160,36.3,32,86,37.2,62,219,28.3,0,4,0.0
Scotty Pippen Jr.,LAL,22,3,6,50.0,0,3,0.0,0,0,0.0,1,3,33.3,0,0,0.0
Serge Ibaka,MIL,33,17,25,68.0,1,7,14.3,2,4,50.0,6,18,33.3,0,0,0.0
Seth Curry,BKN,32,27,48,56.3,33,59,55.9,54,110,49.1,94,232,40.5,0,0,0.0
Shaedon Sharpe,POR,19,157,251,62.5,17,44,38.6,30,70,42.9,102,281,36.3,0,2,0.0
Shai Gilgeous-Alexander,OKC,24,398,690,57.7,208,423,49.2,40,100,40.0,58,167,34.7,0,1,0.0
Shake Milton,PHI,26,140,241,58.1,35,93,37.6,10,21,47.6,55,144,38.2,1,4,25.0
Shaquille Harrison,LAL,29,10,20,50.0,1,3,33.3,1,3,33.3,3,10,30.0,0,0,0.0
Simone Fontecchio,UTA,27,30,73,41.1,16,31,51.6,6,17,35.3,63,191,33.0,0,0,0.0
Skylar Mays,POR,25,12,23,52.2,7,12,58.3,3,7,42.9,12,26,46.2,0,0,0.0
Spencer Dinwiddie,BKN,30,204,375,54.4,52,131,39.7,23,55,41.8,181,488,37.1,0,1,0.0
Stanley Johnson,SAS,26,37,62,59.7,8,17,47.1,2,3,66.7,18,39,46.2,0,1,0.0
Stanley Umude,DET,24,0,0,0.0,0,0,0.0,0,0,0.0,0,1,0.0,-,-,-
Stephen Curry,GSW,35,201,315,63.8,45,93,48.4,40,87,46.0,272,629,43.2,1,9,11.1
Sterling Brown,LAL,28,0,2,0.0,0,0,0.0,0,0,0.0,0,2,0.0,0,0,0.0
Steven Adams,MEM,29,151,246,61.4,6,16,37.5,0,0,0.0,0,1,0.0,0,0,0.0
Svi Mykhailiuk,CHA,25,26,48,54.2,6,17,35.3,3,9,33.3,42,99,42.4,0,0,0.0
T.J. McConnell,IND,31,171,294,58.2,77,150,51.3,9,18,50.0,26,59,44.1,0,0,0.0
T.J. Warren,PHX,29,52,90,57.8,42,85,49.4,16,28,57.1,22,67,32.8,0,0,0.0
Taj Gibson,WAS,37,44,69,63.8,9,20,45.0,4,12,33.3,8,24,33.3,0,0,0.0
Talen Horton-Tucker,UTA,22,162,309,52.4,29,81,35.8,8,20,40.0,58,198,29.3,0,5,0.0
Tari Eason,HOU,21,227,446,50.9,9,32,28.1,2,11,18.2,58,169,34.3,0,2,0.0
Taurean Prince,MIN,29,77,129,59.7,20,36,55.6,6,20,30.0,74,193,38.3,0,1,0.0
Terance Mann,LAC,26,170,259,65.6,15,46,32.6,10,21,47.6,76,196,38.8,1,2,50.0
Terence Davis,SAC,25,53,94,56.4,7,16,43.8,5,11,45.5,89,242,36.8,0,1,0.0
Terrence Ross,PHX,32,25,43,58.1,39,94,41.5,41,69,59.4,95,259,36.7,0,0,0.0
Terry Rozier,CHA,29,214,417,51.3,75,171,43.9,39,95,41.1,165,503,32.8,0,2,0.0
Terry Taylor,CHI,23,32,49,65.3,2,6,33.3,0,1,0.0,5,19,26.3,0,0,0.0
Thaddeus Young,TOR,34,90,139,64.7,10,22,45.5,2,3,66.7,6,33,18.2,0,1,0.0
Thanasis Antetokounmpo,MIL,30,19,35,54.3,1,2,50.0,0,1,0.0,0,7,0.0,0,1,0.0
Theo Maledon,CHA,21,48,104,46.2,23,50,46.0,3,5,60.0,28,92,30.4,0,3,0.0
Theo Pinson,DAL,27,7,21,33.3,2,3,66.7,0,1,0.0,22,62,35.5,0,0,0.0
Thomas Bryant,DEN,25,172,241,71.4,21,46,45.7,11,23,47.8,26,58,44.8,0,1,0.0
Tim Hardaway Jr.,DAL,31,70,147,47.6,42,100,42.0,16,50,32.0,212,546,38.8,0,4,0.0
Tobias Harris,PHI,30,230,371,62.0,54,122,44.3,13,29,44.8,126,323,39.0,0,0,0.0
Tony Bradley,CHI,25,3,5,60.0,0,2,0.0,0,0,0.0,3,5,60.0,0,0,0.0
Torrey Craig,PHX,32,110,191,57.6,13,42,31.0,5,14,35.7,100,252,39.7,0,1,0.0
Trae Young,ATL,24,225,469,48.0,152,301,50.5,66,161,41.0,154,457,33.7,0,2,0.0
Tre Jones,SAS,23,189,345,54.8,93,212,43.9,14,29,48.3,45,157,28.7,0,0,0.0
Tre Mann,OKC,22,75,150,50.0,26,68,38.2,15,26,57.7,81,254,31.9,0,3,0.0
Trendon Watford,POR,22,128,197,65.0,26,58,44.8,2,4,50.0,25,64,39.1,0,0,0.0
Trent Forrest,ATL,24,17,41,41.5,8,17,47.1,0,0,0.0,0,2,0.0,0,0,0.0
Trevelin Queen,IND,26,5,12,41.7,0,1,0.0,0,1,0.0,2,15,13.3,0,0,0.0
Trevor Hudgins,HOU,24,0,1,0.0,0,0,0.0,0,0,0.0,2,8,25.0,0,0,0.0
Trevor Keels,NYK,19,0,0,0.0,0,0,0.0,0,0,0.0,1,4,25.0,-,-,-
Trey Lyles,SAC,27,94,156,60.3,6,11,54.5,1,2,50.0,86,239,36.0,0,0,0.0
Trey Murphy III,NOP,22,171,252,67.9,6,29,20.7,8,23,34.8,202,494,40.9,0,2,0.0
Troy Brown Jr.,LAL,23,76,138,55.1,9,23,39.1,8,23,34.8,107,280,38.2,0,1,0.0
Ty Jerome,GSW,25,48,83,57.8,31,58,53.4,4,12,33.3,35,89,39.3,0,0,0.0
TyTy Washington Jr.,HOU,21,14,27,51.9,22,45,48.9,3,8,37.5,19,80,23.8,0,0,0.0
Tyler Dorsey,DAL,27,0,0,0.0,0,0,0.0,3,3,100,1,2,50.0,0,0,0.0
Tyler Herro,MIA,23,144,250,57.6,109,236,46.2,31,86,36.0,203,534,38.0,0,3,0.0
Tyrese Haliburton,IND,23,191,303,63.0,38,96,39.6,22,40,55.0,160,396,40.4,1,6,16.7
Tyrese Martin,ATL,24,5,10,50.0,2,4,50.0,1,2,50.0,1,7,14.3,0,0,0.0
Tyrese Maxey,PHI,22,189,346,54.6,67,142,47.2,23,56,41.1,160,368,43.5,0,1,0.0
Tyus Jones,MEM,26,76,139,54.7,102,217,47.0,12,28,42.9,121,326,37.1,0,0,0.0
Udoka Azubuike,UTA,23,59,71,83.1,0,1,0.0,0,0,0.0,0,0,0.0,0,0,0.0
Udonis Haslem,MIA,42,2,7,28.6,5,9,55.6,0,4,0.0,3,9,33.3,0,0,0.0
Usman Garuba,HOU,21,62,115,53.9,0,3,0.0,0,0,0.0,24,59,40.7,0,0,0.0
Vernon Carey Jr.,UTA,22,2,5,40.0,0,1,0.0,0,2,0.0,0,0,0.0,-,-,-
Victor Oladipo,MIA,30,56,114,49.1,22,54,40.7,12,23,52.2,70,211,33.2,0,1,0.0
Vince Williams Jr.,MEM,22,8,12,66.7,0,0,0.0,0,0,0.0,4,28,14.3,0,0,0.0
Vit Krejci,ATL,22,8,13,61.5,1,2,50.0,1,1,100,5,21,23.8,0,0,0.0
Vlatko Cancar,DEN,26,58,94,61.7,6,17,35.3,1,1,100,42,111,37.8,1,4,25.0
Walker Kessler,UTA,21,294,402,73.1,1,3,33.3,2,6,33.3,1,3,33.3,0,0,0.0
Wendell Carter Jr.,ORL,24,188,263,71.5,39,83,47.0,15,42,35.7,80,225,35.6,0,0,0.0
Wendell Moore Jr.,MIN,21,15,22,68.2,1,3,33.3,0,1,0.0,2,17,11.8,0,0,0.0
Wenyen Gabriel,LAL,26,140,210,66.7,4,12,33.3,1,2,50.0,10,35,28.6,0,1,0.0
Wesley Matthews,MIL,36,15,25,60.0,4,9,44.4,0,2,0.0,39,124,31.5,0,0,0.0
Will Barton,TOR,32,45,104,43.3,15,47,31.9,13,34,38.2,65,177,36.7,0,2,0.0
Willy Hernangomez,NOP,28,82,144,56.9,4,11,36.4,0,3,0.0,3,11,27.3,0,0,0.0
Xavier Cooks,WAS,27,15,25,60.0,2,2,100,0,0,0.0,0,0,0.0,0,1,0.0
Xavier Moon,LAC,28,1,1,100,0,2,0.0,1,3,33.3,1,3,33.3,-,-,-
Xavier Sneed,CHA,25,2,3,66.7,0,1,0.0,0,0,0.0,3,6,50.0,0,0,0.0
Xavier Tillman,MEM,24,152,222,68.5,31,65,47.7,1,4,25.0,4,15,26.7,0,0,0.0
Yuta Watanabe,BKN,28,48,75,64.0,2,13,15.4,4,9,44.4,60,134,44.8,0,1,0.0
Zach Collins,SAS,25,190,306,62.1,27,67,40.3,12,28,42.9,55,146,37.7,0,1,0.0
Zach LaVine,CHI,28,332,526,63.1,51,117,43.6,86,201,42.8,204,544,37.5,0,0,0.0
Zeke Nnaji,DEN,22,92,128,71.9,0,1,0.0,1,2,50.0,17,63,27.0,0,2,0.0
Ziaire Williams,MEM,21,44,65,67.7,12,25,48.0,3,10,30.0,24,95,25.3,1,1,100
Zion Williamson,NOP,22,269,424,63.4,9,22,40.9,0,4,0.0,7,19,36.8,0,0,0.0